"location_name","iso3","cause","year","intervention","pp.cov.inc","sp.cov.inc","pp_cov","sp_cov","PP_eff","SP_eff","wb2021","location","location_ncdrisc"
"China","CHN","ihd",2017,"Baseline",0,0,0.06618656489887,0.0620425702694549,0.53,0.49,"UMIC","China","China"
"China","CHN","ihd",2017,"Scenario 1",0,0,0.06618656489887,0.0620425702694549,0.53,0.49,"UMIC","China","China"
"China","CHN","ihd",2017,"Scenario 2",0,0,0.06618656489887,0.0620425702694549,0.53,0.49,"UMIC","China","China"
"China","CHN","ihd",2017,"Scenario 3",0,0,0.06618656489887,0.0620425702694549,0.53,0.49,"UMIC","China","China"
"China","CHN","ihd",2017,"Scenario 4",0,0,0.06618656489887,0.0620425702694549,0.53,0.49,"UMIC","China","China"
"China","CHN","hhd",2017,"Baseline",NA,NA,NA,NA,0,0,"UMIC","China","China"
"China","CHN","hhd",2017,"Scenario 1",NA,NA,NA,NA,0,0,"UMIC","China","China"
"China","CHN","hhd",2017,"Scenario 2",NA,NA,NA,NA,0,0,"UMIC","China","China"
"China","CHN","hhd",2017,"Scenario 3",NA,NA,NA,NA,0,0,"UMIC","China","China"
"China","CHN","hhd",2017,"Scenario 4",NA,NA,NA,NA,0,0,"UMIC","China","China"
"China","CHN","istroke",2017,"Baseline",0,0,0.0778066109274789,0.0759518082872083,0.55,0.49,"UMIC","China","China"
"China","CHN","istroke",2017,"Scenario 1",0,0,0.0778066109274789,0.0759518082872083,0.55,0.49,"UMIC","China","China"
"China","CHN","istroke",2017,"Scenario 2",0,0,0.0778066109274789,0.0759518082872083,0.55,0.49,"UMIC","China","China"
"China","CHN","istroke",2017,"Scenario 3",0,0,0.0778066109274789,0.0759518082872083,0.55,0.49,"UMIC","China","China"
"China","CHN","istroke",2017,"Scenario 4",0,0,0.0778066109274789,0.0759518082872083,0.55,0.49,"UMIC","China","China"
"China","CHN","hstroke",2017,"Baseline",0,NA,0.0995241735219036,0.0666991220811037,0.37,0,"UMIC","China","China"
"China","CHN","hstroke",2017,"Scenario 1",0,NA,0.0995241735219036,0.0666991220811037,0.37,0,"UMIC","China","China"
"China","CHN","hstroke",2017,"Scenario 2",0,0,0.0995241735219036,0.0666991220811037,0.37,0,"UMIC","China","China"
"China","CHN","hstroke",2017,"Scenario 3",0,0,0.0995241735219036,0.0666991220811037,0.37,0,"UMIC","China","China"
"China","CHN","hstroke",2017,"Scenario 4",0,0,0.0995241735219036,0.0666991220811037,0.37,0,"UMIC","China","China"
"China","CHN","ihd",2018,"Baseline",0,0,0.06618656489887,0.0620425702694549,0.53,0.49,"UMIC","China","China"
"China","CHN","ihd",2018,"Scenario 1",0,0,0.06618656489887,0.0620425702694549,0.53,0.49,"UMIC","China","China"
"China","CHN","ihd",2018,"Scenario 2",0,0,0.06618656489887,0.0620425702694549,0.53,0.49,"UMIC","China","China"
"China","CHN","ihd",2018,"Scenario 3",0,0,0.06618656489887,0.0620425702694549,0.53,0.49,"UMIC","China","China"
"China","CHN","ihd",2018,"Scenario 4",0,0,0.06618656489887,0.0620425702694549,0.53,0.49,"UMIC","China","China"
"China","CHN","hhd",2018,"Baseline",NA,NA,NA,NA,0,0,"UMIC","China","China"
"China","CHN","hhd",2018,"Scenario 1",NA,NA,NA,NA,0,0,"UMIC","China","China"
"China","CHN","hhd",2018,"Scenario 2",NA,NA,NA,NA,0,0,"UMIC","China","China"
"China","CHN","hhd",2018,"Scenario 3",NA,NA,NA,NA,0,0,"UMIC","China","China"
"China","CHN","hhd",2018,"Scenario 4",NA,NA,NA,NA,0,0,"UMIC","China","China"
"China","CHN","istroke",2018,"Baseline",0,0,0.0778066109274789,0.0759518082872083,0.55,0.49,"UMIC","China","China"
"China","CHN","istroke",2018,"Scenario 1",0,0,0.0778066109274789,0.0759518082872083,0.55,0.49,"UMIC","China","China"
"China","CHN","istroke",2018,"Scenario 2",0,0,0.0778066109274789,0.0759518082872083,0.55,0.49,"UMIC","China","China"
"China","CHN","istroke",2018,"Scenario 3",0,0,0.0778066109274789,0.0759518082872083,0.55,0.49,"UMIC","China","China"
"China","CHN","istroke",2018,"Scenario 4",0,0,0.0778066109274789,0.0759518082872083,0.55,0.49,"UMIC","China","China"
"China","CHN","hstroke",2018,"Baseline",0,NA,0.0995241735219036,0.0666991220811037,0.37,0,"UMIC","China","China"
"China","CHN","hstroke",2018,"Scenario 1",0,NA,0.0995241735219036,0.0666991220811037,0.37,0,"UMIC","China","China"
"China","CHN","hstroke",2018,"Scenario 2",0,0,0.0995241735219036,0.0666991220811037,0.37,0,"UMIC","China","China"
"China","CHN","hstroke",2018,"Scenario 3",0,0,0.0995241735219036,0.0666991220811037,0.37,0,"UMIC","China","China"
"China","CHN","hstroke",2018,"Scenario 4",0,0,0.0995241735219036,0.0666991220811037,0.37,0,"UMIC","China","China"
"China","CHN","ihd",2019,"Baseline",0,0,0.06618656489887,0.0620425702694549,0.53,0.49,"UMIC","China","China"
"China","CHN","ihd",2019,"Scenario 1",0,0,0.06618656489887,0.0620425702694549,0.53,0.49,"UMIC","China","China"
"China","CHN","ihd",2019,"Scenario 2",0,0,0.06618656489887,0.0620425702694549,0.53,0.49,"UMIC","China","China"
"China","CHN","ihd",2019,"Scenario 3",0,0,0.06618656489887,0.0620425702694549,0.53,0.49,"UMIC","China","China"
"China","CHN","ihd",2019,"Scenario 4",0,0,0.06618656489887,0.0620425702694549,0.53,0.49,"UMIC","China","China"
"China","CHN","hhd",2019,"Baseline",NA,NA,NA,NA,0,0,"UMIC","China","China"
"China","CHN","hhd",2019,"Scenario 1",NA,NA,NA,NA,0,0,"UMIC","China","China"
"China","CHN","hhd",2019,"Scenario 2",NA,NA,NA,NA,0,0,"UMIC","China","China"
"China","CHN","hhd",2019,"Scenario 3",NA,NA,NA,NA,0,0,"UMIC","China","China"
"China","CHN","hhd",2019,"Scenario 4",NA,NA,NA,NA,0,0,"UMIC","China","China"
"China","CHN","istroke",2019,"Baseline",0,0,0.0778066109274789,0.0759518082872083,0.55,0.49,"UMIC","China","China"
"China","CHN","istroke",2019,"Scenario 1",0,0,0.0778066109274789,0.0759518082872083,0.55,0.49,"UMIC","China","China"
"China","CHN","istroke",2019,"Scenario 2",0,0,0.0778066109274789,0.0759518082872083,0.55,0.49,"UMIC","China","China"
"China","CHN","istroke",2019,"Scenario 3",0,0,0.0778066109274789,0.0759518082872083,0.55,0.49,"UMIC","China","China"
"China","CHN","istroke",2019,"Scenario 4",0,0,0.0778066109274789,0.0759518082872083,0.55,0.49,"UMIC","China","China"
"China","CHN","hstroke",2019,"Baseline",0,NA,0.0995241735219036,0.0666991220811037,0.37,0,"UMIC","China","China"
"China","CHN","hstroke",2019,"Scenario 1",0,NA,0.0995241735219036,0.0666991220811037,0.37,0,"UMIC","China","China"
"China","CHN","hstroke",2019,"Scenario 2",0,0,0.0995241735219036,0.0666991220811037,0.37,0,"UMIC","China","China"
"China","CHN","hstroke",2019,"Scenario 3",0,0,0.0995241735219036,0.0666991220811037,0.37,0,"UMIC","China","China"
"China","CHN","hstroke",2019,"Scenario 4",0,0,0.0995241735219036,0.0666991220811037,0.37,0,"UMIC","China","China"
"China","CHN","ihd",2020,"Baseline",0,0,0.06618656489887,0.0620425702694549,0.53,0.49,"UMIC","China","China"
"China","CHN","ihd",2020,"Scenario 1",0,0,0.06618656489887,0.0620425702694549,0.53,0.49,"UMIC","China","China"
"China","CHN","ihd",2020,"Scenario 2",0,0,0.06618656489887,0.0620425702694549,0.53,0.49,"UMIC","China","China"
"China","CHN","ihd",2020,"Scenario 3",0,0,0.06618656489887,0.0620425702694549,0.53,0.49,"UMIC","China","China"
"China","CHN","ihd",2020,"Scenario 4",0,0,0.06618656489887,0.0620425702694549,0.53,0.49,"UMIC","China","China"
"China","CHN","hhd",2020,"Baseline",NA,NA,NA,NA,0,0,"UMIC","China","China"
"China","CHN","hhd",2020,"Scenario 1",NA,NA,NA,NA,0,0,"UMIC","China","China"
"China","CHN","hhd",2020,"Scenario 2",NA,NA,NA,NA,0,0,"UMIC","China","China"
"China","CHN","hhd",2020,"Scenario 3",NA,NA,NA,NA,0,0,"UMIC","China","China"
"China","CHN","hhd",2020,"Scenario 4",NA,NA,NA,NA,0,0,"UMIC","China","China"
"China","CHN","istroke",2020,"Baseline",0,0,0.0778066109274789,0.0759518082872083,0.55,0.49,"UMIC","China","China"
"China","CHN","istroke",2020,"Scenario 1",0,0,0.0778066109274789,0.0759518082872083,0.55,0.49,"UMIC","China","China"
"China","CHN","istroke",2020,"Scenario 2",0,0,0.0778066109274789,0.0759518082872083,0.55,0.49,"UMIC","China","China"
"China","CHN","istroke",2020,"Scenario 3",0,0,0.0778066109274789,0.0759518082872083,0.55,0.49,"UMIC","China","China"
"China","CHN","istroke",2020,"Scenario 4",0,0,0.0778066109274789,0.0759518082872083,0.55,0.49,"UMIC","China","China"
"China","CHN","hstroke",2020,"Baseline",0,NA,0.0995241735219036,0.0666991220811037,0.37,0,"UMIC","China","China"
"China","CHN","hstroke",2020,"Scenario 1",0,NA,0.0995241735219036,0.0666991220811037,0.37,0,"UMIC","China","China"
"China","CHN","hstroke",2020,"Scenario 2",0,0,0.0995241735219036,0.0666991220811037,0.37,0,"UMIC","China","China"
"China","CHN","hstroke",2020,"Scenario 3",0,0,0.0995241735219036,0.0666991220811037,0.37,0,"UMIC","China","China"
"China","CHN","hstroke",2020,"Scenario 4",0,0,0.0995241735219036,0.0666991220811037,0.37,0,"UMIC","China","China"
"China","CHN","ihd",2021,"Baseline",0,0,0.06618656489887,0.0620425702694549,0.53,0.49,"UMIC","China","China"
"China","CHN","ihd",2021,"Scenario 1",0,0,0.06618656489887,0.0620425702694549,0.53,0.49,"UMIC","China","China"
"China","CHN","ihd",2021,"Scenario 2",0,0,0.06618656489887,0.0620425702694549,0.53,0.49,"UMIC","China","China"
"China","CHN","ihd",2021,"Scenario 3",0,0,0.06618656489887,0.0620425702694549,0.53,0.49,"UMIC","China","China"
"China","CHN","ihd",2021,"Scenario 4",0,0,0.06618656489887,0.0620425702694549,0.53,0.49,"UMIC","China","China"
"China","CHN","hhd",2021,"Baseline",NA,NA,NA,NA,0,0,"UMIC","China","China"
"China","CHN","hhd",2021,"Scenario 1",NA,NA,NA,NA,0,0,"UMIC","China","China"
"China","CHN","hhd",2021,"Scenario 2",NA,NA,NA,NA,0,0,"UMIC","China","China"
"China","CHN","hhd",2021,"Scenario 3",NA,NA,NA,NA,0,0,"UMIC","China","China"
"China","CHN","hhd",2021,"Scenario 4",NA,NA,NA,NA,0,0,"UMIC","China","China"
"China","CHN","istroke",2021,"Baseline",0,0,0.0778066109274789,0.0759518082872083,0.55,0.49,"UMIC","China","China"
"China","CHN","istroke",2021,"Scenario 1",0,0,0.0778066109274789,0.0759518082872083,0.55,0.49,"UMIC","China","China"
"China","CHN","istroke",2021,"Scenario 2",0,0,0.0778066109274789,0.0759518082872083,0.55,0.49,"UMIC","China","China"
"China","CHN","istroke",2021,"Scenario 3",0,0,0.0778066109274789,0.0759518082872083,0.55,0.49,"UMIC","China","China"
"China","CHN","istroke",2021,"Scenario 4",0,0,0.0778066109274789,0.0759518082872083,0.55,0.49,"UMIC","China","China"
"China","CHN","hstroke",2021,"Baseline",0,NA,0.0995241735219036,0.0666991220811037,0.37,0,"UMIC","China","China"
"China","CHN","hstroke",2021,"Scenario 1",0,NA,0.0995241735219036,0.0666991220811037,0.37,0,"UMIC","China","China"
"China","CHN","hstroke",2021,"Scenario 2",0,0,0.0995241735219036,0.0666991220811037,0.37,0,"UMIC","China","China"
"China","CHN","hstroke",2021,"Scenario 3",0,0,0.0995241735219036,0.0666991220811037,0.37,0,"UMIC","China","China"
"China","CHN","hstroke",2021,"Scenario 4",0,0,0.0995241735219036,0.0666991220811037,0.37,0,"UMIC","China","China"
"China","CHN","ihd",2022,"Baseline",0,0,0.06618656489887,0.0620425702694549,0.53,0.49,"UMIC","China","China"
"China","CHN","ihd",2022,"Scenario 1",0,0,0.06618656489887,0.0620425702694549,0.53,0.49,"UMIC","China","China"
"China","CHN","ihd",2022,"Scenario 2",0,0,0.06618656489887,0.0620425702694549,0.53,0.49,"UMIC","China","China"
"China","CHN","ihd",2022,"Scenario 3",0,0,0.06618656489887,0.0620425702694549,0.53,0.49,"UMIC","China","China"
"China","CHN","ihd",2022,"Scenario 4",0,0,0.06618656489887,0.0620425702694549,0.53,0.49,"UMIC","China","China"
"China","CHN","hhd",2022,"Baseline",NA,NA,NA,NA,0,0,"UMIC","China","China"
"China","CHN","hhd",2022,"Scenario 1",NA,NA,NA,NA,0,0,"UMIC","China","China"
"China","CHN","hhd",2022,"Scenario 2",NA,NA,NA,NA,0,0,"UMIC","China","China"
"China","CHN","hhd",2022,"Scenario 3",NA,NA,NA,NA,0,0,"UMIC","China","China"
"China","CHN","hhd",2022,"Scenario 4",NA,NA,NA,NA,0,0,"UMIC","China","China"
"China","CHN","istroke",2022,"Baseline",0,0,0.0778066109274789,0.0759518082872083,0.55,0.49,"UMIC","China","China"
"China","CHN","istroke",2022,"Scenario 1",0,0,0.0778066109274789,0.0759518082872083,0.55,0.49,"UMIC","China","China"
"China","CHN","istroke",2022,"Scenario 2",0,0,0.0778066109274789,0.0759518082872083,0.55,0.49,"UMIC","China","China"
"China","CHN","istroke",2022,"Scenario 3",0,0,0.0778066109274789,0.0759518082872083,0.55,0.49,"UMIC","China","China"
"China","CHN","istroke",2022,"Scenario 4",0,0,0.0778066109274789,0.0759518082872083,0.55,0.49,"UMIC","China","China"
"China","CHN","hstroke",2022,"Baseline",0,NA,0.0995241735219036,0.0666991220811037,0.37,0,"UMIC","China","China"
"China","CHN","hstroke",2022,"Scenario 1",0,NA,0.0995241735219036,0.0666991220811037,0.37,0,"UMIC","China","China"
"China","CHN","hstroke",2022,"Scenario 2",0,0,0.0995241735219036,0.0666991220811037,0.37,0,"UMIC","China","China"
"China","CHN","hstroke",2022,"Scenario 3",0,0,0.0995241735219036,0.0666991220811037,0.37,0,"UMIC","China","China"
"China","CHN","hstroke",2022,"Scenario 4",0,0,0.0995241735219036,0.0666991220811037,0.37,0,"UMIC","China","China"
"China","CHN","ihd",2023,"Baseline",0.005270739,0.005270739,0.06618656489887,0.0620425702694549,0.53,0.49,"UMIC","China","China"
"China","CHN","ihd",2023,"Scenario 1",0.015,0.015,0.06618656489887,0.0620425702694549,0.53,0.49,"UMIC","China","China"
"China","CHN","ihd",2023,"Scenario 2",0.015,0.015,0.06618656489887,0.0620425702694549,0.53,0.49,"UMIC","China","China"
"China","CHN","ihd",2023,"Scenario 3",0.025,0.025,0.06618656489887,0.0620425702694549,0.53,0.49,"UMIC","China","China"
"China","CHN","ihd",2023,"Scenario 4",0.045,0.045,0.06618656489887,0.0620425702694549,0.53,0.49,"UMIC","China","China"
"China","CHN","hhd",2023,"Baseline",NA,NA,NA,NA,0,0,"UMIC","China","China"
"China","CHN","hhd",2023,"Scenario 1",NA,NA,NA,NA,0,0,"UMIC","China","China"
"China","CHN","hhd",2023,"Scenario 2",NA,NA,NA,NA,0,0,"UMIC","China","China"
"China","CHN","hhd",2023,"Scenario 3",NA,NA,NA,NA,0,0,"UMIC","China","China"
"China","CHN","hhd",2023,"Scenario 4",NA,NA,NA,NA,0,0,"UMIC","China","China"
"China","CHN","istroke",2023,"Baseline",0.005270739,0.005270739,0.0778066109274789,0.0759518082872083,0.55,0.49,"UMIC","China","China"
"China","CHN","istroke",2023,"Scenario 1",0.015,0.015,0.0778066109274789,0.0759518082872083,0.55,0.49,"UMIC","China","China"
"China","CHN","istroke",2023,"Scenario 2",0.015,0.015,0.0778066109274789,0.0759518082872083,0.55,0.49,"UMIC","China","China"
"China","CHN","istroke",2023,"Scenario 3",0.025,0.025,0.0778066109274789,0.0759518082872083,0.55,0.49,"UMIC","China","China"
"China","CHN","istroke",2023,"Scenario 4",0.045,0.045,0.0778066109274789,0.0759518082872083,0.55,0.49,"UMIC","China","China"
"China","CHN","hstroke",2023,"Baseline",0.005270739,NA,0.0995241735219036,0.0666991220811037,0.37,0,"UMIC","China","China"
"China","CHN","hstroke",2023,"Scenario 1",0.015,NA,0.0995241735219036,0.0666991220811037,0.37,0,"UMIC","China","China"
"China","CHN","hstroke",2023,"Scenario 2",0.015,0.015,0.0995241735219036,0.0666991220811037,0.37,0,"UMIC","China","China"
"China","CHN","hstroke",2023,"Scenario 3",0.025,0.025,0.0995241735219036,0.0666991220811037,0.37,0,"UMIC","China","China"
"China","CHN","hstroke",2023,"Scenario 4",0.045,0.045,0.0995241735219036,0.0666991220811037,0.37,0,"UMIC","China","China"
"China","CHN","ihd",2024,"Baseline",0.010541478,0.010541478,0.06618656489887,0.0620425702694549,0.53,0.49,"UMIC","China","China"
"China","CHN","ihd",2024,"Scenario 1",0.03,0.03,0.06618656489887,0.0620425702694549,0.53,0.49,"UMIC","China","China"
"China","CHN","ihd",2024,"Scenario 2",0.03,0.03,0.06618656489887,0.0620425702694549,0.53,0.49,"UMIC","China","China"
"China","CHN","ihd",2024,"Scenario 3",0.05,0.05,0.06618656489887,0.0620425702694549,0.53,0.49,"UMIC","China","China"
"China","CHN","ihd",2024,"Scenario 4",0.09,0.09,0.06618656489887,0.0620425702694549,0.53,0.49,"UMIC","China","China"
"China","CHN","hhd",2024,"Baseline",NA,NA,NA,NA,0,0,"UMIC","China","China"
"China","CHN","hhd",2024,"Scenario 1",NA,NA,NA,NA,0,0,"UMIC","China","China"
"China","CHN","hhd",2024,"Scenario 2",NA,NA,NA,NA,0,0,"UMIC","China","China"
"China","CHN","hhd",2024,"Scenario 3",NA,NA,NA,NA,0,0,"UMIC","China","China"
"China","CHN","hhd",2024,"Scenario 4",NA,NA,NA,NA,0,0,"UMIC","China","China"
"China","CHN","istroke",2024,"Baseline",0.010541478,0.010541478,0.0778066109274789,0.0759518082872083,0.55,0.49,"UMIC","China","China"
"China","CHN","istroke",2024,"Scenario 1",0.03,0.03,0.0778066109274789,0.0759518082872083,0.55,0.49,"UMIC","China","China"
"China","CHN","istroke",2024,"Scenario 2",0.03,0.03,0.0778066109274789,0.0759518082872083,0.55,0.49,"UMIC","China","China"
"China","CHN","istroke",2024,"Scenario 3",0.05,0.05,0.0778066109274789,0.0759518082872083,0.55,0.49,"UMIC","China","China"
"China","CHN","istroke",2024,"Scenario 4",0.09,0.09,0.0778066109274789,0.0759518082872083,0.55,0.49,"UMIC","China","China"
"China","CHN","hstroke",2024,"Baseline",0.010541478,NA,0.0995241735219036,0.0666991220811037,0.37,0,"UMIC","China","China"
"China","CHN","hstroke",2024,"Scenario 1",0.03,NA,0.0995241735219036,0.0666991220811037,0.37,0,"UMIC","China","China"
"China","CHN","hstroke",2024,"Scenario 2",0.03,0.03,0.0995241735219036,0.0666991220811037,0.37,0,"UMIC","China","China"
"China","CHN","hstroke",2024,"Scenario 3",0.05,0.05,0.0995241735219036,0.0666991220811037,0.37,0,"UMIC","China","China"
"China","CHN","hstroke",2024,"Scenario 4",0.09,0.09,0.0995241735219036,0.0666991220811037,0.37,0,"UMIC","China","China"
"China","CHN","ihd",2025,"Baseline",0.015812217,0.015812217,0.06618656489887,0.0620425702694549,0.53,0.49,"UMIC","China","China"
"China","CHN","ihd",2025,"Scenario 1",0.045,0.045,0.06618656489887,0.0620425702694549,0.53,0.49,"UMIC","China","China"
"China","CHN","ihd",2025,"Scenario 2",0.045,0.045,0.06618656489887,0.0620425702694549,0.53,0.49,"UMIC","China","China"
"China","CHN","ihd",2025,"Scenario 3",0.075,0.075,0.06618656489887,0.0620425702694549,0.53,0.49,"UMIC","China","China"
"China","CHN","ihd",2025,"Scenario 4",0.135,0.135,0.06618656489887,0.0620425702694549,0.53,0.49,"UMIC","China","China"
"China","CHN","hhd",2025,"Baseline",NA,NA,NA,NA,0,0,"UMIC","China","China"
"China","CHN","hhd",2025,"Scenario 1",NA,NA,NA,NA,0,0,"UMIC","China","China"
"China","CHN","hhd",2025,"Scenario 2",NA,NA,NA,NA,0,0,"UMIC","China","China"
"China","CHN","hhd",2025,"Scenario 3",NA,NA,NA,NA,0,0,"UMIC","China","China"
"China","CHN","hhd",2025,"Scenario 4",NA,NA,NA,NA,0,0,"UMIC","China","China"
"China","CHN","istroke",2025,"Baseline",0.015812217,0.015812217,0.0778066109274789,0.0759518082872083,0.55,0.49,"UMIC","China","China"
"China","CHN","istroke",2025,"Scenario 1",0.045,0.045,0.0778066109274789,0.0759518082872083,0.55,0.49,"UMIC","China","China"
"China","CHN","istroke",2025,"Scenario 2",0.045,0.045,0.0778066109274789,0.0759518082872083,0.55,0.49,"UMIC","China","China"
"China","CHN","istroke",2025,"Scenario 3",0.075,0.075,0.0778066109274789,0.0759518082872083,0.55,0.49,"UMIC","China","China"
"China","CHN","istroke",2025,"Scenario 4",0.135,0.135,0.0778066109274789,0.0759518082872083,0.55,0.49,"UMIC","China","China"
"China","CHN","hstroke",2025,"Baseline",0.015812217,NA,0.0995241735219036,0.0666991220811037,0.37,0,"UMIC","China","China"
"China","CHN","hstroke",2025,"Scenario 1",0.045,NA,0.0995241735219036,0.0666991220811037,0.37,0,"UMIC","China","China"
"China","CHN","hstroke",2025,"Scenario 2",0.045,0.045,0.0995241735219036,0.0666991220811037,0.37,0,"UMIC","China","China"
"China","CHN","hstroke",2025,"Scenario 3",0.075,0.075,0.0995241735219036,0.0666991220811037,0.37,0,"UMIC","China","China"
"China","CHN","hstroke",2025,"Scenario 4",0.135,0.135,0.0995241735219036,0.0666991220811037,0.37,0,"UMIC","China","China"
"China","CHN","ihd",2026,"Baseline",0.021082956,0.021082956,0.06618656489887,0.0620425702694549,0.53,0.49,"UMIC","China","China"
"China","CHN","ihd",2026,"Scenario 1",0.06,0.06,0.06618656489887,0.0620425702694549,0.53,0.49,"UMIC","China","China"
"China","CHN","ihd",2026,"Scenario 2",0.06,0.06,0.06618656489887,0.0620425702694549,0.53,0.49,"UMIC","China","China"
"China","CHN","ihd",2026,"Scenario 3",0.1,0.1,0.06618656489887,0.0620425702694549,0.53,0.49,"UMIC","China","China"
"China","CHN","ihd",2026,"Scenario 4",0.18,0.18,0.06618656489887,0.0620425702694549,0.53,0.49,"UMIC","China","China"
"China","CHN","hhd",2026,"Baseline",NA,NA,NA,NA,0,0,"UMIC","China","China"
"China","CHN","hhd",2026,"Scenario 1",NA,NA,NA,NA,0,0,"UMIC","China","China"
"China","CHN","hhd",2026,"Scenario 2",NA,NA,NA,NA,0,0,"UMIC","China","China"
"China","CHN","hhd",2026,"Scenario 3",NA,NA,NA,NA,0,0,"UMIC","China","China"
"China","CHN","hhd",2026,"Scenario 4",NA,NA,NA,NA,0,0,"UMIC","China","China"
"China","CHN","istroke",2026,"Baseline",0.021082956,0.021082956,0.0778066109274789,0.0759518082872083,0.55,0.49,"UMIC","China","China"
"China","CHN","istroke",2026,"Scenario 1",0.06,0.06,0.0778066109274789,0.0759518082872083,0.55,0.49,"UMIC","China","China"
"China","CHN","istroke",2026,"Scenario 2",0.06,0.06,0.0778066109274789,0.0759518082872083,0.55,0.49,"UMIC","China","China"
"China","CHN","istroke",2026,"Scenario 3",0.1,0.1,0.0778066109274789,0.0759518082872083,0.55,0.49,"UMIC","China","China"
"China","CHN","istroke",2026,"Scenario 4",0.18,0.18,0.0778066109274789,0.0759518082872083,0.55,0.49,"UMIC","China","China"
"China","CHN","hstroke",2026,"Baseline",0.021082956,NA,0.0995241735219036,0.0666991220811037,0.37,0,"UMIC","China","China"
"China","CHN","hstroke",2026,"Scenario 1",0.06,NA,0.0995241735219036,0.0666991220811037,0.37,0,"UMIC","China","China"
"China","CHN","hstroke",2026,"Scenario 2",0.06,0.06,0.0995241735219036,0.0666991220811037,0.37,0,"UMIC","China","China"
"China","CHN","hstroke",2026,"Scenario 3",0.1,0.1,0.0995241735219036,0.0666991220811037,0.37,0,"UMIC","China","China"
"China","CHN","hstroke",2026,"Scenario 4",0.18,0.18,0.0995241735219036,0.0666991220811037,0.37,0,"UMIC","China","China"
"China","CHN","ihd",2027,"Baseline",0.026353695,0.026353695,0.06618656489887,0.0620425702694549,0.53,0.49,"UMIC","China","China"
"China","CHN","ihd",2027,"Scenario 1",0.075,0.075,0.06618656489887,0.0620425702694549,0.53,0.49,"UMIC","China","China"
"China","CHN","ihd",2027,"Scenario 2",0.075,0.075,0.06618656489887,0.0620425702694549,0.53,0.49,"UMIC","China","China"
"China","CHN","ihd",2027,"Scenario 3",0.125,0.125,0.06618656489887,0.0620425702694549,0.53,0.49,"UMIC","China","China"
"China","CHN","ihd",2027,"Scenario 4",0.225,0.225,0.06618656489887,0.0620425702694549,0.53,0.49,"UMIC","China","China"
"China","CHN","hhd",2027,"Baseline",NA,NA,NA,NA,0,0,"UMIC","China","China"
"China","CHN","hhd",2027,"Scenario 1",NA,NA,NA,NA,0,0,"UMIC","China","China"
"China","CHN","hhd",2027,"Scenario 2",NA,NA,NA,NA,0,0,"UMIC","China","China"
"China","CHN","hhd",2027,"Scenario 3",NA,NA,NA,NA,0,0,"UMIC","China","China"
"China","CHN","hhd",2027,"Scenario 4",NA,NA,NA,NA,0,0,"UMIC","China","China"
"China","CHN","istroke",2027,"Baseline",0.026353695,0.026353695,0.0778066109274789,0.0759518082872083,0.55,0.49,"UMIC","China","China"
"China","CHN","istroke",2027,"Scenario 1",0.075,0.075,0.0778066109274789,0.0759518082872083,0.55,0.49,"UMIC","China","China"
"China","CHN","istroke",2027,"Scenario 2",0.075,0.075,0.0778066109274789,0.0759518082872083,0.55,0.49,"UMIC","China","China"
"China","CHN","istroke",2027,"Scenario 3",0.125,0.125,0.0778066109274789,0.0759518082872083,0.55,0.49,"UMIC","China","China"
"China","CHN","istroke",2027,"Scenario 4",0.225,0.225,0.0778066109274789,0.0759518082872083,0.55,0.49,"UMIC","China","China"
"China","CHN","hstroke",2027,"Baseline",0.026353695,NA,0.0995241735219036,0.0666991220811037,0.37,0,"UMIC","China","China"
"China","CHN","hstroke",2027,"Scenario 1",0.075,NA,0.0995241735219036,0.0666991220811037,0.37,0,"UMIC","China","China"
"China","CHN","hstroke",2027,"Scenario 2",0.075,0.075,0.0995241735219036,0.0666991220811037,0.37,0,"UMIC","China","China"
"China","CHN","hstroke",2027,"Scenario 3",0.125,0.125,0.0995241735219036,0.0666991220811037,0.37,0,"UMIC","China","China"
"China","CHN","hstroke",2027,"Scenario 4",0.225,0.225,0.0995241735219036,0.0666991220811037,0.37,0,"UMIC","China","China"
"China","CHN","ihd",2028,"Baseline",0.031624434,0.031624434,0.06618656489887,0.0620425702694549,0.53,0.49,"UMIC","China","China"
"China","CHN","ihd",2028,"Scenario 1",0.09,0.09,0.06618656489887,0.0620425702694549,0.53,0.49,"UMIC","China","China"
"China","CHN","ihd",2028,"Scenario 2",0.09,0.09,0.06618656489887,0.0620425702694549,0.53,0.49,"UMIC","China","China"
"China","CHN","ihd",2028,"Scenario 3",0.15,0.15,0.06618656489887,0.0620425702694549,0.53,0.49,"UMIC","China","China"
"China","CHN","ihd",2028,"Scenario 4",0.27,0.27,0.06618656489887,0.0620425702694549,0.53,0.49,"UMIC","China","China"
"China","CHN","hhd",2028,"Baseline",NA,NA,NA,NA,0,0,"UMIC","China","China"
"China","CHN","hhd",2028,"Scenario 1",NA,NA,NA,NA,0,0,"UMIC","China","China"
"China","CHN","hhd",2028,"Scenario 2",NA,NA,NA,NA,0,0,"UMIC","China","China"
"China","CHN","hhd",2028,"Scenario 3",NA,NA,NA,NA,0,0,"UMIC","China","China"
"China","CHN","hhd",2028,"Scenario 4",NA,NA,NA,NA,0,0,"UMIC","China","China"
"China","CHN","istroke",2028,"Baseline",0.031624434,0.031624434,0.0778066109274789,0.0759518082872083,0.55,0.49,"UMIC","China","China"
"China","CHN","istroke",2028,"Scenario 1",0.09,0.09,0.0778066109274789,0.0759518082872083,0.55,0.49,"UMIC","China","China"
"China","CHN","istroke",2028,"Scenario 2",0.09,0.09,0.0778066109274789,0.0759518082872083,0.55,0.49,"UMIC","China","China"
"China","CHN","istroke",2028,"Scenario 3",0.15,0.15,0.0778066109274789,0.0759518082872083,0.55,0.49,"UMIC","China","China"
"China","CHN","istroke",2028,"Scenario 4",0.27,0.27,0.0778066109274789,0.0759518082872083,0.55,0.49,"UMIC","China","China"
"China","CHN","hstroke",2028,"Baseline",0.031624434,NA,0.0995241735219036,0.0666991220811037,0.37,0,"UMIC","China","China"
"China","CHN","hstroke",2028,"Scenario 1",0.09,NA,0.0995241735219036,0.0666991220811037,0.37,0,"UMIC","China","China"
"China","CHN","hstroke",2028,"Scenario 2",0.09,0.09,0.0995241735219036,0.0666991220811037,0.37,0,"UMIC","China","China"
"China","CHN","hstroke",2028,"Scenario 3",0.15,0.15,0.0995241735219036,0.0666991220811037,0.37,0,"UMIC","China","China"
"China","CHN","hstroke",2028,"Scenario 4",0.27,0.27,0.0995241735219036,0.0666991220811037,0.37,0,"UMIC","China","China"
"China","CHN","ihd",2029,"Baseline",0.036895173,0.036895173,0.06618656489887,0.0620425702694549,0.53,0.49,"UMIC","China","China"
"China","CHN","ihd",2029,"Scenario 1",0.105,0.105,0.06618656489887,0.0620425702694549,0.53,0.49,"UMIC","China","China"
"China","CHN","ihd",2029,"Scenario 2",0.105,0.105,0.06618656489887,0.0620425702694549,0.53,0.49,"UMIC","China","China"
"China","CHN","ihd",2029,"Scenario 3",0.175,0.175,0.06618656489887,0.0620425702694549,0.53,0.49,"UMIC","China","China"
"China","CHN","ihd",2029,"Scenario 4",0.315,0.315,0.06618656489887,0.0620425702694549,0.53,0.49,"UMIC","China","China"
"China","CHN","hhd",2029,"Baseline",NA,NA,NA,NA,0,0,"UMIC","China","China"
"China","CHN","hhd",2029,"Scenario 1",NA,NA,NA,NA,0,0,"UMIC","China","China"
"China","CHN","hhd",2029,"Scenario 2",NA,NA,NA,NA,0,0,"UMIC","China","China"
"China","CHN","hhd",2029,"Scenario 3",NA,NA,NA,NA,0,0,"UMIC","China","China"
"China","CHN","hhd",2029,"Scenario 4",NA,NA,NA,NA,0,0,"UMIC","China","China"
"China","CHN","istroke",2029,"Baseline",0.036895173,0.036895173,0.0778066109274789,0.0759518082872083,0.55,0.49,"UMIC","China","China"
"China","CHN","istroke",2029,"Scenario 1",0.105,0.105,0.0778066109274789,0.0759518082872083,0.55,0.49,"UMIC","China","China"
"China","CHN","istroke",2029,"Scenario 2",0.105,0.105,0.0778066109274789,0.0759518082872083,0.55,0.49,"UMIC","China","China"
"China","CHN","istroke",2029,"Scenario 3",0.175,0.175,0.0778066109274789,0.0759518082872083,0.55,0.49,"UMIC","China","China"
"China","CHN","istroke",2029,"Scenario 4",0.315,0.315,0.0778066109274789,0.0759518082872083,0.55,0.49,"UMIC","China","China"
"China","CHN","hstroke",2029,"Baseline",0.036895173,NA,0.0995241735219036,0.0666991220811037,0.37,0,"UMIC","China","China"
"China","CHN","hstroke",2029,"Scenario 1",0.105,NA,0.0995241735219036,0.0666991220811037,0.37,0,"UMIC","China","China"
"China","CHN","hstroke",2029,"Scenario 2",0.105,0.105,0.0995241735219036,0.0666991220811037,0.37,0,"UMIC","China","China"
"China","CHN","hstroke",2029,"Scenario 3",0.175,0.175,0.0995241735219036,0.0666991220811037,0.37,0,"UMIC","China","China"
"China","CHN","hstroke",2029,"Scenario 4",0.315,0.315,0.0995241735219036,0.0666991220811037,0.37,0,"UMIC","China","China"
"China","CHN","ihd",2030,"Baseline",0.042165912,0.042165912,0.06618656489887,0.0620425702694549,0.53,0.49,"UMIC","China","China"
"China","CHN","ihd",2030,"Scenario 1",0.12,0.12,0.06618656489887,0.0620425702694549,0.53,0.49,"UMIC","China","China"
"China","CHN","ihd",2030,"Scenario 2",0.12,0.12,0.06618656489887,0.0620425702694549,0.53,0.49,"UMIC","China","China"
"China","CHN","ihd",2030,"Scenario 3",0.2,0.2,0.06618656489887,0.0620425702694549,0.53,0.49,"UMIC","China","China"
"China","CHN","ihd",2030,"Scenario 4",0.36,0.36,0.06618656489887,0.0620425702694549,0.53,0.49,"UMIC","China","China"
"China","CHN","hhd",2030,"Baseline",NA,NA,NA,NA,0,0,"UMIC","China","China"
"China","CHN","hhd",2030,"Scenario 1",NA,NA,NA,NA,0,0,"UMIC","China","China"
"China","CHN","hhd",2030,"Scenario 2",NA,NA,NA,NA,0,0,"UMIC","China","China"
"China","CHN","hhd",2030,"Scenario 3",NA,NA,NA,NA,0,0,"UMIC","China","China"
"China","CHN","hhd",2030,"Scenario 4",NA,NA,NA,NA,0,0,"UMIC","China","China"
"China","CHN","istroke",2030,"Baseline",0.042165912,0.042165912,0.0778066109274789,0.0759518082872083,0.55,0.49,"UMIC","China","China"
"China","CHN","istroke",2030,"Scenario 1",0.12,0.12,0.0778066109274789,0.0759518082872083,0.55,0.49,"UMIC","China","China"
"China","CHN","istroke",2030,"Scenario 2",0.12,0.12,0.0778066109274789,0.0759518082872083,0.55,0.49,"UMIC","China","China"
"China","CHN","istroke",2030,"Scenario 3",0.2,0.2,0.0778066109274789,0.0759518082872083,0.55,0.49,"UMIC","China","China"
"China","CHN","istroke",2030,"Scenario 4",0.36,0.36,0.0778066109274789,0.0759518082872083,0.55,0.49,"UMIC","China","China"
"China","CHN","hstroke",2030,"Baseline",0.042165912,NA,0.0995241735219036,0.0666991220811037,0.37,0,"UMIC","China","China"
"China","CHN","hstroke",2030,"Scenario 1",0.12,NA,0.0995241735219036,0.0666991220811037,0.37,0,"UMIC","China","China"
"China","CHN","hstroke",2030,"Scenario 2",0.12,0.12,0.0995241735219036,0.0666991220811037,0.37,0,"UMIC","China","China"
"China","CHN","hstroke",2030,"Scenario 3",0.2,0.2,0.0995241735219036,0.0666991220811037,0.37,0,"UMIC","China","China"
"China","CHN","hstroke",2030,"Scenario 4",0.36,0.36,0.0995241735219036,0.0666991220811037,0.37,0,"UMIC","China","China"
"China","CHN","ihd",2031,"Baseline",0.047436651,0.047436651,0.06618656489887,0.0620425702694549,0.53,0.49,"UMIC","China","China"
"China","CHN","ihd",2031,"Scenario 1",0.135,0.135,0.06618656489887,0.0620425702694549,0.53,0.49,"UMIC","China","China"
"China","CHN","ihd",2031,"Scenario 2",0.135,0.135,0.06618656489887,0.0620425702694549,0.53,0.49,"UMIC","China","China"
"China","CHN","ihd",2031,"Scenario 3",0.225,0.225,0.06618656489887,0.0620425702694549,0.53,0.49,"UMIC","China","China"
"China","CHN","ihd",2031,"Scenario 4",0.405,0.405,0.06618656489887,0.0620425702694549,0.53,0.49,"UMIC","China","China"
"China","CHN","hhd",2031,"Baseline",NA,NA,NA,NA,0,0,"UMIC","China","China"
"China","CHN","hhd",2031,"Scenario 1",NA,NA,NA,NA,0,0,"UMIC","China","China"
"China","CHN","hhd",2031,"Scenario 2",NA,NA,NA,NA,0,0,"UMIC","China","China"
"China","CHN","hhd",2031,"Scenario 3",NA,NA,NA,NA,0,0,"UMIC","China","China"
"China","CHN","hhd",2031,"Scenario 4",NA,NA,NA,NA,0,0,"UMIC","China","China"
"China","CHN","istroke",2031,"Baseline",0.047436651,0.047436651,0.0778066109274789,0.0759518082872083,0.55,0.49,"UMIC","China","China"
"China","CHN","istroke",2031,"Scenario 1",0.135,0.135,0.0778066109274789,0.0759518082872083,0.55,0.49,"UMIC","China","China"
"China","CHN","istroke",2031,"Scenario 2",0.135,0.135,0.0778066109274789,0.0759518082872083,0.55,0.49,"UMIC","China","China"
"China","CHN","istroke",2031,"Scenario 3",0.225,0.225,0.0778066109274789,0.0759518082872083,0.55,0.49,"UMIC","China","China"
"China","CHN","istroke",2031,"Scenario 4",0.405,0.405,0.0778066109274789,0.0759518082872083,0.55,0.49,"UMIC","China","China"
"China","CHN","hstroke",2031,"Baseline",0.047436651,NA,0.0995241735219036,0.0666991220811037,0.37,0,"UMIC","China","China"
"China","CHN","hstroke",2031,"Scenario 1",0.135,NA,0.0995241735219036,0.0666991220811037,0.37,0,"UMIC","China","China"
"China","CHN","hstroke",2031,"Scenario 2",0.135,0.135,0.0995241735219036,0.0666991220811037,0.37,0,"UMIC","China","China"
"China","CHN","hstroke",2031,"Scenario 3",0.225,0.225,0.0995241735219036,0.0666991220811037,0.37,0,"UMIC","China","China"
"China","CHN","hstroke",2031,"Scenario 4",0.405,0.405,0.0995241735219036,0.0666991220811037,0.37,0,"UMIC","China","China"
"China","CHN","ihd",2032,"Baseline",0.05270739,0.05270739,0.06618656489887,0.0620425702694549,0.53,0.49,"UMIC","China","China"
"China","CHN","ihd",2032,"Scenario 1",0.15,0.15,0.06618656489887,0.0620425702694549,0.53,0.49,"UMIC","China","China"
"China","CHN","ihd",2032,"Scenario 2",0.15,0.15,0.06618656489887,0.0620425702694549,0.53,0.49,"UMIC","China","China"
"China","CHN","ihd",2032,"Scenario 3",0.25,0.25,0.06618656489887,0.0620425702694549,0.53,0.49,"UMIC","China","China"
"China","CHN","ihd",2032,"Scenario 4",0.45,0.45,0.06618656489887,0.0620425702694549,0.53,0.49,"UMIC","China","China"
"China","CHN","hhd",2032,"Baseline",NA,NA,NA,NA,0,0,"UMIC","China","China"
"China","CHN","hhd",2032,"Scenario 1",NA,NA,NA,NA,0,0,"UMIC","China","China"
"China","CHN","hhd",2032,"Scenario 2",NA,NA,NA,NA,0,0,"UMIC","China","China"
"China","CHN","hhd",2032,"Scenario 3",NA,NA,NA,NA,0,0,"UMIC","China","China"
"China","CHN","hhd",2032,"Scenario 4",NA,NA,NA,NA,0,0,"UMIC","China","China"
"China","CHN","istroke",2032,"Baseline",0.05270739,0.05270739,0.0778066109274789,0.0759518082872083,0.55,0.49,"UMIC","China","China"
"China","CHN","istroke",2032,"Scenario 1",0.15,0.15,0.0778066109274789,0.0759518082872083,0.55,0.49,"UMIC","China","China"
"China","CHN","istroke",2032,"Scenario 2",0.15,0.15,0.0778066109274789,0.0759518082872083,0.55,0.49,"UMIC","China","China"
"China","CHN","istroke",2032,"Scenario 3",0.25,0.25,0.0778066109274789,0.0759518082872083,0.55,0.49,"UMIC","China","China"
"China","CHN","istroke",2032,"Scenario 4",0.45,0.45,0.0778066109274789,0.0759518082872083,0.55,0.49,"UMIC","China","China"
"China","CHN","hstroke",2032,"Baseline",0.05270739,NA,0.0995241735219036,0.0666991220811037,0.37,0,"UMIC","China","China"
"China","CHN","hstroke",2032,"Scenario 1",0.15,NA,0.0995241735219036,0.0666991220811037,0.37,0,"UMIC","China","China"
"China","CHN","hstroke",2032,"Scenario 2",0.15,0.15,0.0995241735219036,0.0666991220811037,0.37,0,"UMIC","China","China"
"China","CHN","hstroke",2032,"Scenario 3",0.25,0.25,0.0995241735219036,0.0666991220811037,0.37,0,"UMIC","China","China"
"China","CHN","hstroke",2032,"Scenario 4",0.45,0.45,0.0995241735219036,0.0666991220811037,0.37,0,"UMIC","China","China"
"China","CHN","ihd",2033,"Baseline",0.057978129,0.057978129,0.06618656489887,0.0620425702694549,0.53,0.49,"UMIC","China","China"
"China","CHN","ihd",2033,"Scenario 1",0.165,0.165,0.06618656489887,0.0620425702694549,0.53,0.49,"UMIC","China","China"
"China","CHN","ihd",2033,"Scenario 2",0.165,0.165,0.06618656489887,0.0620425702694549,0.53,0.49,"UMIC","China","China"
"China","CHN","ihd",2033,"Scenario 3",0.275,0.275,0.06618656489887,0.0620425702694549,0.53,0.49,"UMIC","China","China"
"China","CHN","ihd",2033,"Scenario 4",0.495,0.495,0.06618656489887,0.0620425702694549,0.53,0.49,"UMIC","China","China"
"China","CHN","hhd",2033,"Baseline",NA,NA,NA,NA,0,0,"UMIC","China","China"
"China","CHN","hhd",2033,"Scenario 1",NA,NA,NA,NA,0,0,"UMIC","China","China"
"China","CHN","hhd",2033,"Scenario 2",NA,NA,NA,NA,0,0,"UMIC","China","China"
"China","CHN","hhd",2033,"Scenario 3",NA,NA,NA,NA,0,0,"UMIC","China","China"
"China","CHN","hhd",2033,"Scenario 4",NA,NA,NA,NA,0,0,"UMIC","China","China"
"China","CHN","istroke",2033,"Baseline",0.057978129,0.057978129,0.0778066109274789,0.0759518082872083,0.55,0.49,"UMIC","China","China"
"China","CHN","istroke",2033,"Scenario 1",0.165,0.165,0.0778066109274789,0.0759518082872083,0.55,0.49,"UMIC","China","China"
"China","CHN","istroke",2033,"Scenario 2",0.165,0.165,0.0778066109274789,0.0759518082872083,0.55,0.49,"UMIC","China","China"
"China","CHN","istroke",2033,"Scenario 3",0.275,0.275,0.0778066109274789,0.0759518082872083,0.55,0.49,"UMIC","China","China"
"China","CHN","istroke",2033,"Scenario 4",0.495,0.495,0.0778066109274789,0.0759518082872083,0.55,0.49,"UMIC","China","China"
"China","CHN","hstroke",2033,"Baseline",0.057978129,NA,0.0995241735219036,0.0666991220811037,0.37,0,"UMIC","China","China"
"China","CHN","hstroke",2033,"Scenario 1",0.165,NA,0.0995241735219036,0.0666991220811037,0.37,0,"UMIC","China","China"
"China","CHN","hstroke",2033,"Scenario 2",0.165,0.165,0.0995241735219036,0.0666991220811037,0.37,0,"UMIC","China","China"
"China","CHN","hstroke",2033,"Scenario 3",0.275,0.275,0.0995241735219036,0.0666991220811037,0.37,0,"UMIC","China","China"
"China","CHN","hstroke",2033,"Scenario 4",0.495,0.495,0.0995241735219036,0.0666991220811037,0.37,0,"UMIC","China","China"
"China","CHN","ihd",2034,"Baseline",0.063248868,0.063248868,0.06618656489887,0.0620425702694549,0.53,0.49,"UMIC","China","China"
"China","CHN","ihd",2034,"Scenario 1",0.18,0.18,0.06618656489887,0.0620425702694549,0.53,0.49,"UMIC","China","China"
"China","CHN","ihd",2034,"Scenario 2",0.18,0.18,0.06618656489887,0.0620425702694549,0.53,0.49,"UMIC","China","China"
"China","CHN","ihd",2034,"Scenario 3",0.3,0.3,0.06618656489887,0.0620425702694549,0.53,0.49,"UMIC","China","China"
"China","CHN","ihd",2034,"Scenario 4",0.54,0.54,0.06618656489887,0.0620425702694549,0.53,0.49,"UMIC","China","China"
"China","CHN","hhd",2034,"Baseline",NA,NA,NA,NA,0,0,"UMIC","China","China"
"China","CHN","hhd",2034,"Scenario 1",NA,NA,NA,NA,0,0,"UMIC","China","China"
"China","CHN","hhd",2034,"Scenario 2",NA,NA,NA,NA,0,0,"UMIC","China","China"
"China","CHN","hhd",2034,"Scenario 3",NA,NA,NA,NA,0,0,"UMIC","China","China"
"China","CHN","hhd",2034,"Scenario 4",NA,NA,NA,NA,0,0,"UMIC","China","China"
"China","CHN","istroke",2034,"Baseline",0.063248868,0.063248868,0.0778066109274789,0.0759518082872083,0.55,0.49,"UMIC","China","China"
"China","CHN","istroke",2034,"Scenario 1",0.18,0.18,0.0778066109274789,0.0759518082872083,0.55,0.49,"UMIC","China","China"
"China","CHN","istroke",2034,"Scenario 2",0.18,0.18,0.0778066109274789,0.0759518082872083,0.55,0.49,"UMIC","China","China"
"China","CHN","istroke",2034,"Scenario 3",0.3,0.3,0.0778066109274789,0.0759518082872083,0.55,0.49,"UMIC","China","China"
"China","CHN","istroke",2034,"Scenario 4",0.54,0.54,0.0778066109274789,0.0759518082872083,0.55,0.49,"UMIC","China","China"
"China","CHN","hstroke",2034,"Baseline",0.063248868,NA,0.0995241735219036,0.0666991220811037,0.37,0,"UMIC","China","China"
"China","CHN","hstroke",2034,"Scenario 1",0.18,NA,0.0995241735219036,0.0666991220811037,0.37,0,"UMIC","China","China"
"China","CHN","hstroke",2034,"Scenario 2",0.18,0.18,0.0995241735219036,0.0666991220811037,0.37,0,"UMIC","China","China"
"China","CHN","hstroke",2034,"Scenario 3",0.3,0.3,0.0995241735219036,0.0666991220811037,0.37,0,"UMIC","China","China"
"China","CHN","hstroke",2034,"Scenario 4",0.54,0.54,0.0995241735219036,0.0666991220811037,0.37,0,"UMIC","China","China"
"China","CHN","ihd",2035,"Baseline",0.068519607,0.068519607,0.06618656489887,0.0620425702694549,0.53,0.49,"UMIC","China","China"
"China","CHN","ihd",2035,"Scenario 1",0.195,0.195,0.06618656489887,0.0620425702694549,0.53,0.49,"UMIC","China","China"
"China","CHN","ihd",2035,"Scenario 2",0.195,0.195,0.06618656489887,0.0620425702694549,0.53,0.49,"UMIC","China","China"
"China","CHN","ihd",2035,"Scenario 3",0.325,0.325,0.06618656489887,0.0620425702694549,0.53,0.49,"UMIC","China","China"
"China","CHN","ihd",2035,"Scenario 4",0.585,0.585,0.06618656489887,0.0620425702694549,0.53,0.49,"UMIC","China","China"
"China","CHN","hhd",2035,"Baseline",NA,NA,NA,NA,0,0,"UMIC","China","China"
"China","CHN","hhd",2035,"Scenario 1",NA,NA,NA,NA,0,0,"UMIC","China","China"
"China","CHN","hhd",2035,"Scenario 2",NA,NA,NA,NA,0,0,"UMIC","China","China"
"China","CHN","hhd",2035,"Scenario 3",NA,NA,NA,NA,0,0,"UMIC","China","China"
"China","CHN","hhd",2035,"Scenario 4",NA,NA,NA,NA,0,0,"UMIC","China","China"
"China","CHN","istroke",2035,"Baseline",0.068519607,0.068519607,0.0778066109274789,0.0759518082872083,0.55,0.49,"UMIC","China","China"
"China","CHN","istroke",2035,"Scenario 1",0.195,0.195,0.0778066109274789,0.0759518082872083,0.55,0.49,"UMIC","China","China"
"China","CHN","istroke",2035,"Scenario 2",0.195,0.195,0.0778066109274789,0.0759518082872083,0.55,0.49,"UMIC","China","China"
"China","CHN","istroke",2035,"Scenario 3",0.325,0.325,0.0778066109274789,0.0759518082872083,0.55,0.49,"UMIC","China","China"
"China","CHN","istroke",2035,"Scenario 4",0.585,0.585,0.0778066109274789,0.0759518082872083,0.55,0.49,"UMIC","China","China"
"China","CHN","hstroke",2035,"Baseline",0.068519607,NA,0.0995241735219036,0.0666991220811037,0.37,0,"UMIC","China","China"
"China","CHN","hstroke",2035,"Scenario 1",0.195,NA,0.0995241735219036,0.0666991220811037,0.37,0,"UMIC","China","China"
"China","CHN","hstroke",2035,"Scenario 2",0.195,0.195,0.0995241735219036,0.0666991220811037,0.37,0,"UMIC","China","China"
"China","CHN","hstroke",2035,"Scenario 3",0.325,0.325,0.0995241735219036,0.0666991220811037,0.37,0,"UMIC","China","China"
"China","CHN","hstroke",2035,"Scenario 4",0.585,0.585,0.0995241735219036,0.0666991220811037,0.37,0,"UMIC","China","China"
"China","CHN","ihd",2036,"Baseline",0.073790346,0.073790346,0.06618656489887,0.0620425702694549,0.53,0.49,"UMIC","China","China"
"China","CHN","ihd",2036,"Scenario 1",0.21,0.21,0.06618656489887,0.0620425702694549,0.53,0.49,"UMIC","China","China"
"China","CHN","ihd",2036,"Scenario 2",0.21,0.21,0.06618656489887,0.0620425702694549,0.53,0.49,"UMIC","China","China"
"China","CHN","ihd",2036,"Scenario 3",0.35,0.35,0.06618656489887,0.0620425702694549,0.53,0.49,"UMIC","China","China"
"China","CHN","ihd",2036,"Scenario 4",0.63,0.63,0.06618656489887,0.0620425702694549,0.53,0.49,"UMIC","China","China"
"China","CHN","hhd",2036,"Baseline",NA,NA,NA,NA,0,0,"UMIC","China","China"
"China","CHN","hhd",2036,"Scenario 1",NA,NA,NA,NA,0,0,"UMIC","China","China"
"China","CHN","hhd",2036,"Scenario 2",NA,NA,NA,NA,0,0,"UMIC","China","China"
"China","CHN","hhd",2036,"Scenario 3",NA,NA,NA,NA,0,0,"UMIC","China","China"
"China","CHN","hhd",2036,"Scenario 4",NA,NA,NA,NA,0,0,"UMIC","China","China"
"China","CHN","istroke",2036,"Baseline",0.073790346,0.073790346,0.0778066109274789,0.0759518082872083,0.55,0.49,"UMIC","China","China"
"China","CHN","istroke",2036,"Scenario 1",0.21,0.21,0.0778066109274789,0.0759518082872083,0.55,0.49,"UMIC","China","China"
"China","CHN","istroke",2036,"Scenario 2",0.21,0.21,0.0778066109274789,0.0759518082872083,0.55,0.49,"UMIC","China","China"
"China","CHN","istroke",2036,"Scenario 3",0.35,0.35,0.0778066109274789,0.0759518082872083,0.55,0.49,"UMIC","China","China"
"China","CHN","istroke",2036,"Scenario 4",0.63,0.63,0.0778066109274789,0.0759518082872083,0.55,0.49,"UMIC","China","China"
"China","CHN","hstroke",2036,"Baseline",0.073790346,NA,0.0995241735219036,0.0666991220811037,0.37,0,"UMIC","China","China"
"China","CHN","hstroke",2036,"Scenario 1",0.21,NA,0.0995241735219036,0.0666991220811037,0.37,0,"UMIC","China","China"
"China","CHN","hstroke",2036,"Scenario 2",0.21,0.21,0.0995241735219036,0.0666991220811037,0.37,0,"UMIC","China","China"
"China","CHN","hstroke",2036,"Scenario 3",0.35,0.35,0.0995241735219036,0.0666991220811037,0.37,0,"UMIC","China","China"
"China","CHN","hstroke",2036,"Scenario 4",0.63,0.63,0.0995241735219036,0.0666991220811037,0.37,0,"UMIC","China","China"
"China","CHN","ihd",2037,"Baseline",0.079061085,0.079061085,0.06618656489887,0.0620425702694549,0.53,0.49,"UMIC","China","China"
"China","CHN","ihd",2037,"Scenario 1",0.225,0.225,0.06618656489887,0.0620425702694549,0.53,0.49,"UMIC","China","China"
"China","CHN","ihd",2037,"Scenario 2",0.225,0.225,0.06618656489887,0.0620425702694549,0.53,0.49,"UMIC","China","China"
"China","CHN","ihd",2037,"Scenario 3",0.375,0.375,0.06618656489887,0.0620425702694549,0.53,0.49,"UMIC","China","China"
"China","CHN","ihd",2037,"Scenario 4",0.675,0.675,0.06618656489887,0.0620425702694549,0.53,0.49,"UMIC","China","China"
"China","CHN","hhd",2037,"Baseline",NA,NA,NA,NA,0,0,"UMIC","China","China"
"China","CHN","hhd",2037,"Scenario 1",NA,NA,NA,NA,0,0,"UMIC","China","China"
"China","CHN","hhd",2037,"Scenario 2",NA,NA,NA,NA,0,0,"UMIC","China","China"
"China","CHN","hhd",2037,"Scenario 3",NA,NA,NA,NA,0,0,"UMIC","China","China"
"China","CHN","hhd",2037,"Scenario 4",NA,NA,NA,NA,0,0,"UMIC","China","China"
"China","CHN","istroke",2037,"Baseline",0.079061085,0.079061085,0.0778066109274789,0.0759518082872083,0.55,0.49,"UMIC","China","China"
"China","CHN","istroke",2037,"Scenario 1",0.225,0.225,0.0778066109274789,0.0759518082872083,0.55,0.49,"UMIC","China","China"
"China","CHN","istroke",2037,"Scenario 2",0.225,0.225,0.0778066109274789,0.0759518082872083,0.55,0.49,"UMIC","China","China"
"China","CHN","istroke",2037,"Scenario 3",0.375,0.375,0.0778066109274789,0.0759518082872083,0.55,0.49,"UMIC","China","China"
"China","CHN","istroke",2037,"Scenario 4",0.675,0.675,0.0778066109274789,0.0759518082872083,0.55,0.49,"UMIC","China","China"
"China","CHN","hstroke",2037,"Baseline",0.079061085,NA,0.0995241735219036,0.0666991220811037,0.37,0,"UMIC","China","China"
"China","CHN","hstroke",2037,"Scenario 1",0.225,NA,0.0995241735219036,0.0666991220811037,0.37,0,"UMIC","China","China"
"China","CHN","hstroke",2037,"Scenario 2",0.225,0.225,0.0995241735219036,0.0666991220811037,0.37,0,"UMIC","China","China"
"China","CHN","hstroke",2037,"Scenario 3",0.375,0.375,0.0995241735219036,0.0666991220811037,0.37,0,"UMIC","China","China"
"China","CHN","hstroke",2037,"Scenario 4",0.675,0.675,0.0995241735219036,0.0666991220811037,0.37,0,"UMIC","China","China"
"China","CHN","ihd",2038,"Baseline",0.084331824,0.084331824,0.06618656489887,0.0620425702694549,0.53,0.49,"UMIC","China","China"
"China","CHN","ihd",2038,"Scenario 1",0.24,0.24,0.06618656489887,0.0620425702694549,0.53,0.49,"UMIC","China","China"
"China","CHN","ihd",2038,"Scenario 2",0.24,0.24,0.06618656489887,0.0620425702694549,0.53,0.49,"UMIC","China","China"
"China","CHN","ihd",2038,"Scenario 3",0.4,0.4,0.06618656489887,0.0620425702694549,0.53,0.49,"UMIC","China","China"
"China","CHN","ihd",2038,"Scenario 4",0.72,0.72,0.06618656489887,0.0620425702694549,0.53,0.49,"UMIC","China","China"
"China","CHN","hhd",2038,"Baseline",NA,NA,NA,NA,0,0,"UMIC","China","China"
"China","CHN","hhd",2038,"Scenario 1",NA,NA,NA,NA,0,0,"UMIC","China","China"
"China","CHN","hhd",2038,"Scenario 2",NA,NA,NA,NA,0,0,"UMIC","China","China"
"China","CHN","hhd",2038,"Scenario 3",NA,NA,NA,NA,0,0,"UMIC","China","China"
"China","CHN","hhd",2038,"Scenario 4",NA,NA,NA,NA,0,0,"UMIC","China","China"
"China","CHN","istroke",2038,"Baseline",0.084331824,0.084331824,0.0778066109274789,0.0759518082872083,0.55,0.49,"UMIC","China","China"
"China","CHN","istroke",2038,"Scenario 1",0.24,0.24,0.0778066109274789,0.0759518082872083,0.55,0.49,"UMIC","China","China"
"China","CHN","istroke",2038,"Scenario 2",0.24,0.24,0.0778066109274789,0.0759518082872083,0.55,0.49,"UMIC","China","China"
"China","CHN","istroke",2038,"Scenario 3",0.4,0.4,0.0778066109274789,0.0759518082872083,0.55,0.49,"UMIC","China","China"
"China","CHN","istroke",2038,"Scenario 4",0.72,0.72,0.0778066109274789,0.0759518082872083,0.55,0.49,"UMIC","China","China"
"China","CHN","hstroke",2038,"Baseline",0.084331824,NA,0.0995241735219036,0.0666991220811037,0.37,0,"UMIC","China","China"
"China","CHN","hstroke",2038,"Scenario 1",0.24,NA,0.0995241735219036,0.0666991220811037,0.37,0,"UMIC","China","China"
"China","CHN","hstroke",2038,"Scenario 2",0.24,0.24,0.0995241735219036,0.0666991220811037,0.37,0,"UMIC","China","China"
"China","CHN","hstroke",2038,"Scenario 3",0.4,0.4,0.0995241735219036,0.0666991220811037,0.37,0,"UMIC","China","China"
"China","CHN","hstroke",2038,"Scenario 4",0.700475826478096,0.72,0.0995241735219036,0.0666991220811037,0.37,0,"UMIC","China","China"
"China","CHN","ihd",2039,"Baseline",0.089602563,0.089602563,0.06618656489887,0.0620425702694549,0.53,0.49,"UMIC","China","China"
"China","CHN","ihd",2039,"Scenario 1",0.255,0.255,0.06618656489887,0.0620425702694549,0.53,0.49,"UMIC","China","China"
"China","CHN","ihd",2039,"Scenario 2",0.255,0.255,0.06618656489887,0.0620425702694549,0.53,0.49,"UMIC","China","China"
"China","CHN","ihd",2039,"Scenario 3",0.425,0.425,0.06618656489887,0.0620425702694549,0.53,0.49,"UMIC","China","China"
"China","CHN","ihd",2039,"Scenario 4",0.73381343510113,0.737957429730545,0.06618656489887,0.0620425702694549,0.53,0.49,"UMIC","China","China"
"China","CHN","hhd",2039,"Baseline",NA,NA,NA,NA,0,0,"UMIC","China","China"
"China","CHN","hhd",2039,"Scenario 1",NA,NA,NA,NA,0,0,"UMIC","China","China"
"China","CHN","hhd",2039,"Scenario 2",NA,NA,NA,NA,0,0,"UMIC","China","China"
"China","CHN","hhd",2039,"Scenario 3",NA,NA,NA,NA,0,0,"UMIC","China","China"
"China","CHN","hhd",2039,"Scenario 4",NA,NA,NA,NA,0,0,"UMIC","China","China"
"China","CHN","istroke",2039,"Baseline",0.089602563,0.089602563,0.0778066109274789,0.0759518082872083,0.55,0.49,"UMIC","China","China"
"China","CHN","istroke",2039,"Scenario 1",0.255,0.255,0.0778066109274789,0.0759518082872083,0.55,0.49,"UMIC","China","China"
"China","CHN","istroke",2039,"Scenario 2",0.255,0.255,0.0778066109274789,0.0759518082872083,0.55,0.49,"UMIC","China","China"
"China","CHN","istroke",2039,"Scenario 3",0.425,0.425,0.0778066109274789,0.0759518082872083,0.55,0.49,"UMIC","China","China"
"China","CHN","istroke",2039,"Scenario 4",0.722193389072521,0.724048191712792,0.0778066109274789,0.0759518082872083,0.55,0.49,"UMIC","China","China"
"China","CHN","hstroke",2039,"Baseline",0.089602563,NA,0.0995241735219036,0.0666991220811037,0.37,0,"UMIC","China","China"
"China","CHN","hstroke",2039,"Scenario 1",0.255,NA,0.0995241735219036,0.0666991220811037,0.37,0,"UMIC","China","China"
"China","CHN","hstroke",2039,"Scenario 2",0.255,0.255,0.0995241735219036,0.0666991220811037,0.37,0,"UMIC","China","China"
"China","CHN","hstroke",2039,"Scenario 3",0.425,0.425,0.0995241735219036,0.0666991220811037,0.37,0,"UMIC","China","China"
"China","CHN","hstroke",2039,"Scenario 4",0.700475826478096,0.733300877918896,0.0995241735219036,0.0666991220811037,0.37,0,"UMIC","China","China"
"China","CHN","ihd",2040,"Baseline",0.094873302,0.094873302,0.06618656489887,0.0620425702694549,0.53,0.49,"UMIC","China","China"
"China","CHN","ihd",2040,"Scenario 1",0.27,0.27,0.06618656489887,0.0620425702694549,0.53,0.49,"UMIC","China","China"
"China","CHN","ihd",2040,"Scenario 2",0.27,0.27,0.06618656489887,0.0620425702694549,0.53,0.49,"UMIC","China","China"
"China","CHN","ihd",2040,"Scenario 3",0.45,0.45,0.06618656489887,0.0620425702694549,0.53,0.49,"UMIC","China","China"
"China","CHN","ihd",2040,"Scenario 4",0.73381343510113,0.737957429730545,0.06618656489887,0.0620425702694549,0.53,0.49,"UMIC","China","China"
"China","CHN","hhd",2040,"Baseline",NA,NA,NA,NA,0,0,"UMIC","China","China"
"China","CHN","hhd",2040,"Scenario 1",NA,NA,NA,NA,0,0,"UMIC","China","China"
"China","CHN","hhd",2040,"Scenario 2",NA,NA,NA,NA,0,0,"UMIC","China","China"
"China","CHN","hhd",2040,"Scenario 3",NA,NA,NA,NA,0,0,"UMIC","China","China"
"China","CHN","hhd",2040,"Scenario 4",NA,NA,NA,NA,0,0,"UMIC","China","China"
"China","CHN","istroke",2040,"Baseline",0.094873302,0.094873302,0.0778066109274789,0.0759518082872083,0.55,0.49,"UMIC","China","China"
"China","CHN","istroke",2040,"Scenario 1",0.27,0.27,0.0778066109274789,0.0759518082872083,0.55,0.49,"UMIC","China","China"
"China","CHN","istroke",2040,"Scenario 2",0.27,0.27,0.0778066109274789,0.0759518082872083,0.55,0.49,"UMIC","China","China"
"China","CHN","istroke",2040,"Scenario 3",0.45,0.45,0.0778066109274789,0.0759518082872083,0.55,0.49,"UMIC","China","China"
"China","CHN","istroke",2040,"Scenario 4",0.722193389072521,0.724048191712792,0.0778066109274789,0.0759518082872083,0.55,0.49,"UMIC","China","China"
"China","CHN","hstroke",2040,"Baseline",0.094873302,NA,0.0995241735219036,0.0666991220811037,0.37,0,"UMIC","China","China"
"China","CHN","hstroke",2040,"Scenario 1",0.27,NA,0.0995241735219036,0.0666991220811037,0.37,0,"UMIC","China","China"
"China","CHN","hstroke",2040,"Scenario 2",0.27,0.27,0.0995241735219036,0.0666991220811037,0.37,0,"UMIC","China","China"
"China","CHN","hstroke",2040,"Scenario 3",0.45,0.45,0.0995241735219036,0.0666991220811037,0.37,0,"UMIC","China","China"
"China","CHN","hstroke",2040,"Scenario 4",0.700475826478096,0.733300877918896,0.0995241735219036,0.0666991220811037,0.37,0,"UMIC","China","China"
"China","CHN","ihd",2041,"Baseline",0.100144041,0.100144041,0.06618656489887,0.0620425702694549,0.53,0.49,"UMIC","China","China"
"China","CHN","ihd",2041,"Scenario 1",0.285,0.285,0.06618656489887,0.0620425702694549,0.53,0.49,"UMIC","China","China"
"China","CHN","ihd",2041,"Scenario 2",0.285,0.285,0.06618656489887,0.0620425702694549,0.53,0.49,"UMIC","China","China"
"China","CHN","ihd",2041,"Scenario 3",0.475,0.475,0.06618656489887,0.0620425702694549,0.53,0.49,"UMIC","China","China"
"China","CHN","ihd",2041,"Scenario 4",0.73381343510113,0.737957429730545,0.06618656489887,0.0620425702694549,0.53,0.49,"UMIC","China","China"
"China","CHN","hhd",2041,"Baseline",NA,NA,NA,NA,0,0,"UMIC","China","China"
"China","CHN","hhd",2041,"Scenario 1",NA,NA,NA,NA,0,0,"UMIC","China","China"
"China","CHN","hhd",2041,"Scenario 2",NA,NA,NA,NA,0,0,"UMIC","China","China"
"China","CHN","hhd",2041,"Scenario 3",NA,NA,NA,NA,0,0,"UMIC","China","China"
"China","CHN","hhd",2041,"Scenario 4",NA,NA,NA,NA,0,0,"UMIC","China","China"
"China","CHN","istroke",2041,"Baseline",0.100144041,0.100144041,0.0778066109274789,0.0759518082872083,0.55,0.49,"UMIC","China","China"
"China","CHN","istroke",2041,"Scenario 1",0.285,0.285,0.0778066109274789,0.0759518082872083,0.55,0.49,"UMIC","China","China"
"China","CHN","istroke",2041,"Scenario 2",0.285,0.285,0.0778066109274789,0.0759518082872083,0.55,0.49,"UMIC","China","China"
"China","CHN","istroke",2041,"Scenario 3",0.475,0.475,0.0778066109274789,0.0759518082872083,0.55,0.49,"UMIC","China","China"
"China","CHN","istroke",2041,"Scenario 4",0.722193389072521,0.724048191712792,0.0778066109274789,0.0759518082872083,0.55,0.49,"UMIC","China","China"
"China","CHN","hstroke",2041,"Baseline",0.100144041,NA,0.0995241735219036,0.0666991220811037,0.37,0,"UMIC","China","China"
"China","CHN","hstroke",2041,"Scenario 1",0.285,NA,0.0995241735219036,0.0666991220811037,0.37,0,"UMIC","China","China"
"China","CHN","hstroke",2041,"Scenario 2",0.285,0.285,0.0995241735219036,0.0666991220811037,0.37,0,"UMIC","China","China"
"China","CHN","hstroke",2041,"Scenario 3",0.475,0.475,0.0995241735219036,0.0666991220811037,0.37,0,"UMIC","China","China"
"China","CHN","hstroke",2041,"Scenario 4",0.700475826478096,0.733300877918896,0.0995241735219036,0.0666991220811037,0.37,0,"UMIC","China","China"
"China","CHN","ihd",2042,"Baseline",0.10541478,0.10541478,0.06618656489887,0.0620425702694549,0.53,0.49,"UMIC","China","China"
"China","CHN","ihd",2042,"Scenario 1",0.3,0.3,0.06618656489887,0.0620425702694549,0.53,0.49,"UMIC","China","China"
"China","CHN","ihd",2042,"Scenario 2",0.3,0.3,0.06618656489887,0.0620425702694549,0.53,0.49,"UMIC","China","China"
"China","CHN","ihd",2042,"Scenario 3",0.5,0.5,0.06618656489887,0.0620425702694549,0.53,0.49,"UMIC","China","China"
"China","CHN","ihd",2042,"Scenario 4",0.73381343510113,0.737957429730545,0.06618656489887,0.0620425702694549,0.53,0.49,"UMIC","China","China"
"China","CHN","hhd",2042,"Baseline",NA,NA,NA,NA,0,0,"UMIC","China","China"
"China","CHN","hhd",2042,"Scenario 1",NA,NA,NA,NA,0,0,"UMIC","China","China"
"China","CHN","hhd",2042,"Scenario 2",NA,NA,NA,NA,0,0,"UMIC","China","China"
"China","CHN","hhd",2042,"Scenario 3",NA,NA,NA,NA,0,0,"UMIC","China","China"
"China","CHN","hhd",2042,"Scenario 4",NA,NA,NA,NA,0,0,"UMIC","China","China"
"China","CHN","istroke",2042,"Baseline",0.10541478,0.10541478,0.0778066109274789,0.0759518082872083,0.55,0.49,"UMIC","China","China"
"China","CHN","istroke",2042,"Scenario 1",0.3,0.3,0.0778066109274789,0.0759518082872083,0.55,0.49,"UMIC","China","China"
"China","CHN","istroke",2042,"Scenario 2",0.3,0.3,0.0778066109274789,0.0759518082872083,0.55,0.49,"UMIC","China","China"
"China","CHN","istroke",2042,"Scenario 3",0.5,0.5,0.0778066109274789,0.0759518082872083,0.55,0.49,"UMIC","China","China"
"China","CHN","istroke",2042,"Scenario 4",0.722193389072521,0.724048191712792,0.0778066109274789,0.0759518082872083,0.55,0.49,"UMIC","China","China"
"China","CHN","hstroke",2042,"Baseline",0.10541478,NA,0.0995241735219036,0.0666991220811037,0.37,0,"UMIC","China","China"
"China","CHN","hstroke",2042,"Scenario 1",0.3,NA,0.0995241735219036,0.0666991220811037,0.37,0,"UMIC","China","China"
"China","CHN","hstroke",2042,"Scenario 2",0.3,0.3,0.0995241735219036,0.0666991220811037,0.37,0,"UMIC","China","China"
"China","CHN","hstroke",2042,"Scenario 3",0.5,0.5,0.0995241735219036,0.0666991220811037,0.37,0,"UMIC","China","China"
"China","CHN","hstroke",2042,"Scenario 4",0.700475826478096,0.733300877918896,0.0995241735219036,0.0666991220811037,0.37,0,"UMIC","China","China"
"China","CHN","ihd",2043,"Baseline",0.110685519,0.110685519,0.06618656489887,0.0620425702694549,0.53,0.49,"UMIC","China","China"
"China","CHN","ihd",2043,"Scenario 1",0.315,0.315,0.06618656489887,0.0620425702694549,0.53,0.49,"UMIC","China","China"
"China","CHN","ihd",2043,"Scenario 2",0.315,0.315,0.06618656489887,0.0620425702694549,0.53,0.49,"UMIC","China","China"
"China","CHN","ihd",2043,"Scenario 3",0.525,0.525,0.06618656489887,0.0620425702694549,0.53,0.49,"UMIC","China","China"
"China","CHN","ihd",2043,"Scenario 4",0.73381343510113,0.737957429730545,0.06618656489887,0.0620425702694549,0.53,0.49,"UMIC","China","China"
"China","CHN","hhd",2043,"Baseline",NA,NA,NA,NA,0,0,"UMIC","China","China"
"China","CHN","hhd",2043,"Scenario 1",NA,NA,NA,NA,0,0,"UMIC","China","China"
"China","CHN","hhd",2043,"Scenario 2",NA,NA,NA,NA,0,0,"UMIC","China","China"
"China","CHN","hhd",2043,"Scenario 3",NA,NA,NA,NA,0,0,"UMIC","China","China"
"China","CHN","hhd",2043,"Scenario 4",NA,NA,NA,NA,0,0,"UMIC","China","China"
"China","CHN","istroke",2043,"Baseline",0.110685519,0.110685519,0.0778066109274789,0.0759518082872083,0.55,0.49,"UMIC","China","China"
"China","CHN","istroke",2043,"Scenario 1",0.315,0.315,0.0778066109274789,0.0759518082872083,0.55,0.49,"UMIC","China","China"
"China","CHN","istroke",2043,"Scenario 2",0.315,0.315,0.0778066109274789,0.0759518082872083,0.55,0.49,"UMIC","China","China"
"China","CHN","istroke",2043,"Scenario 3",0.525,0.525,0.0778066109274789,0.0759518082872083,0.55,0.49,"UMIC","China","China"
"China","CHN","istroke",2043,"Scenario 4",0.722193389072521,0.724048191712792,0.0778066109274789,0.0759518082872083,0.55,0.49,"UMIC","China","China"
"China","CHN","hstroke",2043,"Baseline",0.110685519,NA,0.0995241735219036,0.0666991220811037,0.37,0,"UMIC","China","China"
"China","CHN","hstroke",2043,"Scenario 1",0.308831652673118,NA,0.0995241735219036,0.0666991220811037,0.37,0,"UMIC","China","China"
"China","CHN","hstroke",2043,"Scenario 2",0.315,0.315,0.0995241735219036,0.0666991220811037,0.37,0,"UMIC","China","China"
"China","CHN","hstroke",2043,"Scenario 3",0.525,0.525,0.0995241735219036,0.0666991220811037,0.37,0,"UMIC","China","China"
"China","CHN","hstroke",2043,"Scenario 4",0.700475826478096,0.733300877918896,0.0995241735219036,0.0666991220811037,0.37,0,"UMIC","China","China"
"China","CHN","ihd",2044,"Baseline",0.115956258,0.115956258,0.06618656489887,0.0620425702694549,0.53,0.49,"UMIC","China","China"
"China","CHN","ihd",2044,"Scenario 1",0.33,0.33,0.06618656489887,0.0620425702694549,0.53,0.49,"UMIC","China","China"
"China","CHN","ihd",2044,"Scenario 2",0.33,0.33,0.06618656489887,0.0620425702694549,0.53,0.49,"UMIC","China","China"
"China","CHN","ihd",2044,"Scenario 3",0.55,0.55,0.06618656489887,0.0620425702694549,0.53,0.49,"UMIC","China","China"
"China","CHN","ihd",2044,"Scenario 4",0.73381343510113,0.737957429730545,0.06618656489887,0.0620425702694549,0.53,0.49,"UMIC","China","China"
"China","CHN","hhd",2044,"Baseline",NA,NA,NA,NA,0,0,"UMIC","China","China"
"China","CHN","hhd",2044,"Scenario 1",NA,NA,NA,NA,0,0,"UMIC","China","China"
"China","CHN","hhd",2044,"Scenario 2",NA,NA,NA,NA,0,0,"UMIC","China","China"
"China","CHN","hhd",2044,"Scenario 3",NA,NA,NA,NA,0,0,"UMIC","China","China"
"China","CHN","hhd",2044,"Scenario 4",NA,NA,NA,NA,0,0,"UMIC","China","China"
"China","CHN","istroke",2044,"Baseline",0.115956258,0.115956258,0.0778066109274789,0.0759518082872083,0.55,0.49,"UMIC","China","China"
"China","CHN","istroke",2044,"Scenario 1",0.33,0.324048191712792,0.0778066109274789,0.0759518082872083,0.55,0.49,"UMIC","China","China"
"China","CHN","istroke",2044,"Scenario 2",0.33,0.33,0.0778066109274789,0.0759518082872083,0.55,0.49,"UMIC","China","China"
"China","CHN","istroke",2044,"Scenario 3",0.55,0.55,0.0778066109274789,0.0759518082872083,0.55,0.49,"UMIC","China","China"
"China","CHN","istroke",2044,"Scenario 4",0.722193389072521,0.724048191712792,0.0778066109274789,0.0759518082872083,0.55,0.49,"UMIC","China","China"
"China","CHN","hstroke",2044,"Baseline",0.115956258,NA,0.0995241735219036,0.0666991220811037,0.37,0,"UMIC","China","China"
"China","CHN","hstroke",2044,"Scenario 1",0.308831652673118,NA,0.0995241735219036,0.0666991220811037,0.37,0,"UMIC","China","China"
"China","CHN","hstroke",2044,"Scenario 2",0.33,0.33,0.0995241735219036,0.0666991220811037,0.37,0,"UMIC","China","China"
"China","CHN","hstroke",2044,"Scenario 3",0.55,0.55,0.0995241735219036,0.0666991220811037,0.37,0,"UMIC","China","China"
"China","CHN","hstroke",2044,"Scenario 4",0.700475826478096,0.733300877918896,0.0995241735219036,0.0666991220811037,0.37,0,"UMIC","China","China"
"China","CHN","ihd",2045,"Baseline",0.121226997,0.121226997,0.06618656489887,0.0620425702694549,0.53,0.49,"UMIC","China","China"
"China","CHN","ihd",2045,"Scenario 1",0.342169261296152,0.337957429730545,0.06618656489887,0.0620425702694549,0.53,0.49,"UMIC","China","China"
"China","CHN","ihd",2045,"Scenario 2",0.345,0.345,0.06618656489887,0.0620425702694549,0.53,0.49,"UMIC","China","China"
"China","CHN","ihd",2045,"Scenario 3",0.575,0.575,0.06618656489887,0.0620425702694549,0.53,0.49,"UMIC","China","China"
"China","CHN","ihd",2045,"Scenario 4",0.73381343510113,0.737957429730545,0.06618656489887,0.0620425702694549,0.53,0.49,"UMIC","China","China"
"China","CHN","hhd",2045,"Baseline",NA,NA,NA,NA,0,0,"UMIC","China","China"
"China","CHN","hhd",2045,"Scenario 1",NA,NA,NA,NA,0,0,"UMIC","China","China"
"China","CHN","hhd",2045,"Scenario 2",NA,NA,NA,NA,0,0,"UMIC","China","China"
"China","CHN","hhd",2045,"Scenario 3",NA,NA,NA,NA,0,0,"UMIC","China","China"
"China","CHN","hhd",2045,"Scenario 4",NA,NA,NA,NA,0,0,"UMIC","China","China"
"China","CHN","istroke",2045,"Baseline",0.121226997,0.121226997,0.0778066109274789,0.0759518082872083,0.55,0.49,"UMIC","China","China"
"China","CHN","istroke",2045,"Scenario 1",0.330549215267543,0.324048191712792,0.0778066109274789,0.0759518082872083,0.55,0.49,"UMIC","China","China"
"China","CHN","istroke",2045,"Scenario 2",0.345,0.345,0.0778066109274789,0.0759518082872083,0.55,0.49,"UMIC","China","China"
"China","CHN","istroke",2045,"Scenario 3",0.575,0.575,0.0778066109274789,0.0759518082872083,0.55,0.49,"UMIC","China","China"
"China","CHN","istroke",2045,"Scenario 4",0.722193389072521,0.724048191712792,0.0778066109274789,0.0759518082872083,0.55,0.49,"UMIC","China","China"
"China","CHN","hstroke",2045,"Baseline",0.121226997,NA,0.0995241735219036,0.0666991220811037,0.37,0,"UMIC","China","China"
"China","CHN","hstroke",2045,"Scenario 1",0.308831652673118,NA,0.0995241735219036,0.0666991220811037,0.37,0,"UMIC","China","China"
"China","CHN","hstroke",2045,"Scenario 2",0.345,0.345,0.0995241735219036,0.0666991220811037,0.37,0,"UMIC","China","China"
"China","CHN","hstroke",2045,"Scenario 3",0.575,0.575,0.0995241735219036,0.0666991220811037,0.37,0,"UMIC","China","China"
"China","CHN","hstroke",2045,"Scenario 4",0.700475826478096,0.733300877918896,0.0995241735219036,0.0666991220811037,0.37,0,"UMIC","China","China"
"China","CHN","ihd",2046,"Baseline",0.126497736,0.126497736,0.06618656489887,0.0620425702694549,0.53,0.49,"UMIC","China","China"
"China","CHN","ihd",2046,"Scenario 1",0.342169261296152,0.337957429730545,0.06618656489887,0.0620425702694549,0.53,0.49,"UMIC","China","China"
"China","CHN","ihd",2046,"Scenario 2",0.36,0.36,0.06618656489887,0.0620425702694549,0.53,0.49,"UMIC","China","China"
"China","CHN","ihd",2046,"Scenario 3",0.6,0.6,0.06618656489887,0.0620425702694549,0.53,0.49,"UMIC","China","China"
"China","CHN","ihd",2046,"Scenario 4",0.73381343510113,0.737957429730545,0.06618656489887,0.0620425702694549,0.53,0.49,"UMIC","China","China"
"China","CHN","hhd",2046,"Baseline",NA,NA,NA,NA,0,0,"UMIC","China","China"
"China","CHN","hhd",2046,"Scenario 1",NA,NA,NA,NA,0,0,"UMIC","China","China"
"China","CHN","hhd",2046,"Scenario 2",NA,NA,NA,NA,0,0,"UMIC","China","China"
"China","CHN","hhd",2046,"Scenario 3",NA,NA,NA,NA,0,0,"UMIC","China","China"
"China","CHN","hhd",2046,"Scenario 4",NA,NA,NA,NA,0,0,"UMIC","China","China"
"China","CHN","istroke",2046,"Baseline",0.126497736,0.126497736,0.0778066109274789,0.0759518082872083,0.55,0.49,"UMIC","China","China"
"China","CHN","istroke",2046,"Scenario 1",0.330549215267543,0.324048191712792,0.0778066109274789,0.0759518082872083,0.55,0.49,"UMIC","China","China"
"China","CHN","istroke",2046,"Scenario 2",0.36,0.36,0.0778066109274789,0.0759518082872083,0.55,0.49,"UMIC","China","China"
"China","CHN","istroke",2046,"Scenario 3",0.6,0.6,0.0778066109274789,0.0759518082872083,0.55,0.49,"UMIC","China","China"
"China","CHN","istroke",2046,"Scenario 4",0.722193389072521,0.724048191712792,0.0778066109274789,0.0759518082872083,0.55,0.49,"UMIC","China","China"
"China","CHN","hstroke",2046,"Baseline",0.126497736,NA,0.0995241735219036,0.0666991220811037,0.37,0,"UMIC","China","China"
"China","CHN","hstroke",2046,"Scenario 1",0.308831652673118,NA,0.0995241735219036,0.0666991220811037,0.37,0,"UMIC","China","China"
"China","CHN","hstroke",2046,"Scenario 2",0.36,0.36,0.0995241735219036,0.0666991220811037,0.37,0,"UMIC","China","China"
"China","CHN","hstroke",2046,"Scenario 3",0.6,0.6,0.0995241735219036,0.0666991220811037,0.37,0,"UMIC","China","China"
"China","CHN","hstroke",2046,"Scenario 4",0.700475826478096,0.733300877918896,0.0995241735219036,0.0666991220811037,0.37,0,"UMIC","China","China"
"China","CHN","ihd",2047,"Baseline",0.131768475,0.131768475,0.06618656489887,0.0620425702694549,0.53,0.49,"UMIC","China","China"
"China","CHN","ihd",2047,"Scenario 1",0.342169261296152,0.337957429730545,0.06618656489887,0.0620425702694549,0.53,0.49,"UMIC","China","China"
"China","CHN","ihd",2047,"Scenario 2",0.375,0.375,0.06618656489887,0.0620425702694549,0.53,0.49,"UMIC","China","China"
"China","CHN","ihd",2047,"Scenario 3",0.625,0.625,0.06618656489887,0.0620425702694549,0.53,0.49,"UMIC","China","China"
"China","CHN","ihd",2047,"Scenario 4",0.73381343510113,0.737957429730545,0.06618656489887,0.0620425702694549,0.53,0.49,"UMIC","China","China"
"China","CHN","hhd",2047,"Baseline",NA,NA,NA,NA,0,0,"UMIC","China","China"
"China","CHN","hhd",2047,"Scenario 1",NA,NA,NA,NA,0,0,"UMIC","China","China"
"China","CHN","hhd",2047,"Scenario 2",NA,NA,NA,NA,0,0,"UMIC","China","China"
"China","CHN","hhd",2047,"Scenario 3",NA,NA,NA,NA,0,0,"UMIC","China","China"
"China","CHN","hhd",2047,"Scenario 4",NA,NA,NA,NA,0,0,"UMIC","China","China"
"China","CHN","istroke",2047,"Baseline",0.131768475,0.131768475,0.0778066109274789,0.0759518082872083,0.55,0.49,"UMIC","China","China"
"China","CHN","istroke",2047,"Scenario 1",0.330549215267543,0.324048191712792,0.0778066109274789,0.0759518082872083,0.55,0.49,"UMIC","China","China"
"China","CHN","istroke",2047,"Scenario 2",0.375,0.375,0.0778066109274789,0.0759518082872083,0.55,0.49,"UMIC","China","China"
"China","CHN","istroke",2047,"Scenario 3",0.625,0.625,0.0778066109274789,0.0759518082872083,0.55,0.49,"UMIC","China","China"
"China","CHN","istroke",2047,"Scenario 4",0.722193389072521,0.724048191712792,0.0778066109274789,0.0759518082872083,0.55,0.49,"UMIC","China","China"
"China","CHN","hstroke",2047,"Baseline",0.131768475,NA,0.0995241735219036,0.0666991220811037,0.37,0,"UMIC","China","China"
"China","CHN","hstroke",2047,"Scenario 1",0.308831652673118,NA,0.0995241735219036,0.0666991220811037,0.37,0,"UMIC","China","China"
"China","CHN","hstroke",2047,"Scenario 2",0.375,0.375,0.0995241735219036,0.0666991220811037,0.37,0,"UMIC","China","China"
"China","CHN","hstroke",2047,"Scenario 3",0.625,0.625,0.0995241735219036,0.0666991220811037,0.37,0,"UMIC","China","China"
"China","CHN","hstroke",2047,"Scenario 4",0.700475826478096,0.733300877918896,0.0995241735219036,0.0666991220811037,0.37,0,"UMIC","China","China"
"China","CHN","ihd",2048,"Baseline",0.137039214,0.137039214,0.06618656489887,0.0620425702694549,0.53,0.49,"UMIC","China","China"
"China","CHN","ihd",2048,"Scenario 1",0.342169261296152,0.337957429730545,0.06618656489887,0.0620425702694549,0.53,0.49,"UMIC","China","China"
"China","CHN","ihd",2048,"Scenario 2",0.39,0.39,0.06618656489887,0.0620425702694549,0.53,0.49,"UMIC","China","China"
"China","CHN","ihd",2048,"Scenario 3",0.65,0.65,0.06618656489887,0.0620425702694549,0.53,0.49,"UMIC","China","China"
"China","CHN","ihd",2048,"Scenario 4",0.73381343510113,0.737957429730545,0.06618656489887,0.0620425702694549,0.53,0.49,"UMIC","China","China"
"China","CHN","hhd",2048,"Baseline",NA,NA,NA,NA,0,0,"UMIC","China","China"
"China","CHN","hhd",2048,"Scenario 1",NA,NA,NA,NA,0,0,"UMIC","China","China"
"China","CHN","hhd",2048,"Scenario 2",NA,NA,NA,NA,0,0,"UMIC","China","China"
"China","CHN","hhd",2048,"Scenario 3",NA,NA,NA,NA,0,0,"UMIC","China","China"
"China","CHN","hhd",2048,"Scenario 4",NA,NA,NA,NA,0,0,"UMIC","China","China"
"China","CHN","istroke",2048,"Baseline",0.137039214,0.137039214,0.0778066109274789,0.0759518082872083,0.55,0.49,"UMIC","China","China"
"China","CHN","istroke",2048,"Scenario 1",0.330549215267543,0.324048191712792,0.0778066109274789,0.0759518082872083,0.55,0.49,"UMIC","China","China"
"China","CHN","istroke",2048,"Scenario 2",0.39,0.39,0.0778066109274789,0.0759518082872083,0.55,0.49,"UMIC","China","China"
"China","CHN","istroke",2048,"Scenario 3",0.65,0.65,0.0778066109274789,0.0759518082872083,0.55,0.49,"UMIC","China","China"
"China","CHN","istroke",2048,"Scenario 4",0.722193389072521,0.724048191712792,0.0778066109274789,0.0759518082872083,0.55,0.49,"UMIC","China","China"
"China","CHN","hstroke",2048,"Baseline",0.137039214,NA,0.0995241735219036,0.0666991220811037,0.37,0,"UMIC","China","China"
"China","CHN","hstroke",2048,"Scenario 1",0.308831652673118,NA,0.0995241735219036,0.0666991220811037,0.37,0,"UMIC","China","China"
"China","CHN","hstroke",2048,"Scenario 2",0.39,0.39,0.0995241735219036,0.0666991220811037,0.37,0,"UMIC","China","China"
"China","CHN","hstroke",2048,"Scenario 3",0.65,0.65,0.0995241735219036,0.0666991220811037,0.37,0,"UMIC","China","China"
"China","CHN","hstroke",2048,"Scenario 4",0.700475826478096,0.733300877918896,0.0995241735219036,0.0666991220811037,0.37,0,"UMIC","China","China"
"China","CHN","ihd",2049,"Baseline",0.142309953,0.142309953,0.06618656489887,0.0620425702694549,0.53,0.49,"UMIC","China","China"
"China","CHN","ihd",2049,"Scenario 1",0.342169261296152,0.337957429730545,0.06618656489887,0.0620425702694549,0.53,0.49,"UMIC","China","China"
"China","CHN","ihd",2049,"Scenario 2",0.405,0.405,0.06618656489887,0.0620425702694549,0.53,0.49,"UMIC","China","China"
"China","CHN","ihd",2049,"Scenario 3",0.675,0.675,0.06618656489887,0.0620425702694549,0.53,0.49,"UMIC","China","China"
"China","CHN","ihd",2049,"Scenario 4",0.73381343510113,0.737957429730545,0.06618656489887,0.0620425702694549,0.53,0.49,"UMIC","China","China"
"China","CHN","hhd",2049,"Baseline",NA,NA,NA,NA,0,0,"UMIC","China","China"
"China","CHN","hhd",2049,"Scenario 1",NA,NA,NA,NA,0,0,"UMIC","China","China"
"China","CHN","hhd",2049,"Scenario 2",NA,NA,NA,NA,0,0,"UMIC","China","China"
"China","CHN","hhd",2049,"Scenario 3",NA,NA,NA,NA,0,0,"UMIC","China","China"
"China","CHN","hhd",2049,"Scenario 4",NA,NA,NA,NA,0,0,"UMIC","China","China"
"China","CHN","istroke",2049,"Baseline",0.142309953,0.142309953,0.0778066109274789,0.0759518082872083,0.55,0.49,"UMIC","China","China"
"China","CHN","istroke",2049,"Scenario 1",0.330549215267543,0.324048191712792,0.0778066109274789,0.0759518082872083,0.55,0.49,"UMIC","China","China"
"China","CHN","istroke",2049,"Scenario 2",0.405,0.405,0.0778066109274789,0.0759518082872083,0.55,0.49,"UMIC","China","China"
"China","CHN","istroke",2049,"Scenario 3",0.675,0.675,0.0778066109274789,0.0759518082872083,0.55,0.49,"UMIC","China","China"
"China","CHN","istroke",2049,"Scenario 4",0.722193389072521,0.724048191712792,0.0778066109274789,0.0759518082872083,0.55,0.49,"UMIC","China","China"
"China","CHN","hstroke",2049,"Baseline",0.142309953,NA,0.0995241735219036,0.0666991220811037,0.37,0,"UMIC","China","China"
"China","CHN","hstroke",2049,"Scenario 1",0.308831652673118,NA,0.0995241735219036,0.0666991220811037,0.37,0,"UMIC","China","China"
"China","CHN","hstroke",2049,"Scenario 2",0.405,0.405,0.0995241735219036,0.0666991220811037,0.37,0,"UMIC","China","China"
"China","CHN","hstroke",2049,"Scenario 3",0.675,0.675,0.0995241735219036,0.0666991220811037,0.37,0,"UMIC","China","China"
"China","CHN","hstroke",2049,"Scenario 4",0.700475826478096,0.733300877918896,0.0995241735219036,0.0666991220811037,0.37,0,"UMIC","China","China"
"China","CHN","ihd",2050,"Baseline",0.147580692,0.147580692,0.06618656489887,0.0620425702694549,0.53,0.49,"UMIC","China","China"
"China","CHN","ihd",2050,"Scenario 1",0.342169261296152,0.337957429730545,0.06618656489887,0.0620425702694549,0.53,0.49,"UMIC","China","China"
"China","CHN","ihd",2050,"Scenario 2",0.42,0.42,0.06618656489887,0.0620425702694549,0.53,0.49,"UMIC","China","China"
"China","CHN","ihd",2050,"Scenario 3",0.7,0.7,0.06618656489887,0.0620425702694549,0.53,0.49,"UMIC","China","China"
"China","CHN","ihd",2050,"Scenario 4",0.73381343510113,0.737957429730545,0.06618656489887,0.0620425702694549,0.53,0.49,"UMIC","China","China"
"China","CHN","hhd",2050,"Baseline",NA,NA,NA,NA,0,0,"UMIC","China","China"
"China","CHN","hhd",2050,"Scenario 1",NA,NA,NA,NA,0,0,"UMIC","China","China"
"China","CHN","hhd",2050,"Scenario 2",NA,NA,NA,NA,0,0,"UMIC","China","China"
"China","CHN","hhd",2050,"Scenario 3",NA,NA,NA,NA,0,0,"UMIC","China","China"
"China","CHN","hhd",2050,"Scenario 4",NA,NA,NA,NA,0,0,"UMIC","China","China"
"China","CHN","istroke",2050,"Baseline",0.147580692,0.147580692,0.0778066109274789,0.0759518082872083,0.55,0.49,"UMIC","China","China"
"China","CHN","istroke",2050,"Scenario 1",0.330549215267543,0.324048191712792,0.0778066109274789,0.0759518082872083,0.55,0.49,"UMIC","China","China"
"China","CHN","istroke",2050,"Scenario 2",0.42,0.42,0.0778066109274789,0.0759518082872083,0.55,0.49,"UMIC","China","China"
"China","CHN","istroke",2050,"Scenario 3",0.7,0.7,0.0778066109274789,0.0759518082872083,0.55,0.49,"UMIC","China","China"
"China","CHN","istroke",2050,"Scenario 4",0.722193389072521,0.724048191712792,0.0778066109274789,0.0759518082872083,0.55,0.49,"UMIC","China","China"
"China","CHN","hstroke",2050,"Baseline",0.147580692,NA,0.0995241735219036,0.0666991220811037,0.37,0,"UMIC","China","China"
"China","CHN","hstroke",2050,"Scenario 1",0.308831652673118,NA,0.0995241735219036,0.0666991220811037,0.37,0,"UMIC","China","China"
"China","CHN","hstroke",2050,"Scenario 2",0.42,0.42,0.0995241735219036,0.0666991220811037,0.37,0,"UMIC","China","China"
"China","CHN","hstroke",2050,"Scenario 3",0.7,0.7,0.0995241735219036,0.0666991220811037,0.37,0,"UMIC","China","China"
"China","CHN","hstroke",2050,"Scenario 4",0.700475826478096,0.733300877918896,0.0995241735219036,0.0666991220811037,0.37,0,"UMIC","China","China"
