"year","metric","Intervention","value"
2017,"Cumulative cases averted","Scenario 1",0
2017,"Cumulative deaths averted","Scenario 1",0
2017,"Heart failure averted","Scenario 1",0
2017,"MI averted","Scenario 1",0
2017,"Stroke averted","Scenario 1",0
2018,"Cumulative cases averted","Scenario 1",0
2018,"Cumulative deaths averted","Scenario 1",0
2018,"Heart failure averted","Scenario 1",0
2018,"MI averted","Scenario 1",0
2018,"Stroke averted","Scenario 1",0
2019,"Cumulative cases averted","Scenario 1",0
2019,"Cumulative deaths averted","Scenario 1",0
2019,"Heart failure averted","Scenario 1",0
2019,"MI averted","Scenario 1",0
2019,"Stroke averted","Scenario 1",0
2020,"Cumulative cases averted","Scenario 1",0
2020,"Cumulative deaths averted","Scenario 1",0
2020,"Heart failure averted","Scenario 1",0
2020,"MI averted","Scenario 1",0
2020,"Stroke averted","Scenario 1",0
2021,"Cumulative cases averted","Scenario 1",0
2021,"Cumulative deaths averted","Scenario 1",0
2021,"Heart failure averted","Scenario 1",0
2021,"MI averted","Scenario 1",0
2021,"Stroke averted","Scenario 1",0
2022,"Cumulative cases averted","Scenario 1",0
2022,"Cumulative deaths averted","Scenario 1",0
2022,"Heart failure averted","Scenario 1",0
2022,"MI averted","Scenario 1",0
2022,"Stroke averted","Scenario 1",0
2023,"Cumulative cases averted","Scenario 1",118112.612356357
2023,"Cumulative deaths averted","Scenario 1",35054.6122459657
2023,"Heart failure averted","Scenario 1",10736.7834472004
2023,"MI averted","Scenario 1",46848.3050295934
2023,"Stroke averted","Scenario 1",60527.5238795616
2024,"Cumulative cases averted","Scenario 1",376269.774011962
2024,"Cumulative deaths averted","Scenario 1",111665.14166018
2024,"Heart failure averted","Scenario 1",33663.6892857673
2024,"MI averted","Scenario 1",148071.666004859
2024,"Stroke averted","Scenario 1",194534.418721341
2025,"Cumulative cases averted","Scenario 1",784703.581928656
2025,"Cumulative deaths averted","Scenario 1",233667.373878092
2025,"Heart failure averted","Scenario 1",69164.6593490811
2025,"MI averted","Scenario 1",306663.442197632
2025,"Stroke averted","Scenario 1",408875.480381951
2026,"Cumulative cases averted","Scenario 1",1342526.64663505
2026,"Cumulative deaths averted","Scenario 1",403262.718480375
2026,"Heart failure averted","Scenario 1",116071.612483249
2026,"MI averted","Scenario 1",519583.174210086
2026,"Stroke averted","Scenario 1",706871.859941725
2027,"Cumulative cases averted","Scenario 1",2064588.58029015
2027,"Cumulative deaths averted","Scenario 1",624852.368721921
2027,"Heart failure averted","Scenario 1",175541.38376736
2027,"MI averted","Scenario 1",792530.268404637
2027,"Stroke averted","Scenario 1",1096516.92811817
2028,"Cumulative cases averted","Scenario 1",2965769.70178282
2028,"Cumulative deaths averted","Scenario 1",902889.822422277
2028,"Heart failure averted","Scenario 1",248744.676253259
2028,"MI averted","Scenario 1",1131181.60748178
2028,"Stroke averted","Scenario 1",1585843.41804778
2029,"Cumulative cases averted","Scenario 1",4060834.20167076
2029,"Cumulative deaths averted","Scenario 1",1241821.92223094
2029,"Heart failure averted","Scenario 1",336823.944818203
2029,"MI averted","Scenario 1",1541140.17545296
2029,"Stroke averted","Scenario 1",2182870.08139961
2030,"Cumulative cases averted","Scenario 1",5363711.90884569
2030,"Cumulative deaths averted","Scenario 1",1645850.73598019
2030,"Heart failure averted","Scenario 1",440803.850340651
2030,"MI averted","Scenario 1",2027696.26157276
2030,"Stroke averted","Scenario 1",2895211.79693229
2031,"Cumulative cases averted","Scenario 1",6888538.21845485
2031,"Cumulative deaths averted","Scenario 1",2118600.34554874
2031,"Heart failure averted","Scenario 1",561877.845354836
2031,"MI averted","Scenario 1",2596844.95521167
2031,"Stroke averted","Scenario 1",3729815.41788835
2032,"Cumulative cases averted","Scenario 1",8643687.41789364
2032,"Cumulative deaths averted","Scenario 1",2661332.80032248
2032,"Heart failure averted","Scenario 1",700439.266253723
2032,"MI averted","Scenario 1",3252375.00123116
2032,"Stroke averted","Scenario 1",4690873.15040876
2033,"Cumulative cases averted","Scenario 1",10639397.6629878
2033,"Cumulative deaths averted","Scenario 1",3276706.22541955
2033,"Heart failure averted","Scenario 1",856996.02729883
2033,"MI averted","Scenario 1",3998235.5405135
2033,"Stroke averted","Scenario 1",5784166.09517552
2034,"Cumulative cases averted","Scenario 1",12884590.8456898
2034,"Cumulative deaths averted","Scenario 1",3967728.72013921
2034,"Heart failure averted","Scenario 1",1032309.29374155
2034,"MI averted","Scenario 1",4838209.70921342
2034,"Stroke averted","Scenario 1",7014071.84273483
2035,"Cumulative cases averted","Scenario 1",15385245.588697
2035,"Cumulative deaths averted","Scenario 1",4736588.38282281
2035,"Heart failure averted","Scenario 1",1226888.00912754
2035,"MI averted","Scenario 1",5774868.66429332
2035,"Stroke averted","Scenario 1",8383488.91527617
2036,"Cumulative cases averted","Scenario 1",18143508.5656624
2036,"Cumulative deaths averted","Scenario 1",5584096.43221708
2036,"Heart failure averted","Scenario 1",1440679.8584573
2036,"MI averted","Scenario 1",6809363.27540445
2036,"Stroke averted","Scenario 1",9893465.43180066
2037,"Cumulative cases averted","Scenario 1",21148084.9981099
2037,"Cumulative deaths averted","Scenario 1",6507592.48720586
2037,"Heart failure averted","Scenario 1",1672035.41992655
2037,"MI averted","Scenario 1",7935021.20932302
2037,"Stroke averted","Scenario 1",11541028.3688604
2038,"Cumulative cases averted","Scenario 1",24360099.277834
2038,"Cumulative deaths averted","Scenario 1",7490763.74901604
2038,"Heart failure averted","Scenario 1",1918133.89492135
2038,"MI averted","Scenario 1",9132286.2696853
2038,"Stroke averted","Scenario 1",13309679.1132273
2039,"Cumulative cases averted","Scenario 1",27753000.4283692
2039,"Cumulative deaths averted","Scenario 1",8519912.40964003
2039,"Heart failure averted","Scenario 1",2177532.7739093
2039,"MI averted","Scenario 1",10388056.8681759
2039,"Stroke averted","Scenario 1",15187410.7862841
2040,"Cumulative cases averted","Scenario 1",31323834.6698553
2040,"Cumulative deaths averted","Scenario 1",9593317.5917265
2040,"Heart failure averted","Scenario 1",2449917.027223
2040,"MI averted","Scenario 1",11700864.3044173
2040,"Stroke averted","Scenario 1",17173053.338215
2041,"Cumulative cases averted","Scenario 1",35068572.3381071
2041,"Cumulative deaths averted","Scenario 1",10709050.5253134
2041,"Heart failure averted","Scenario 1",2734658.15455005
2041,"MI averted","Scenario 1",13068470.8446111
2041,"Stroke averted","Scenario 1",19265443.338946
2042,"Cumulative cases averted","Scenario 1",38978407.2405811
2042,"Cumulative deaths averted","Scenario 1",11863321.4164805
2042,"Heart failure averted","Scenario 1",3029873.16008208
2042,"MI averted","Scenario 1",14485560.2151527
2042,"Stroke averted","Scenario 1",21462973.8653463
2043,"Cumulative cases averted","Scenario 1",43039248.8447476
2043,"Cumulative deaths averted","Scenario 1",13050494.6766544
2043,"Heart failure averted","Scenario 1",3332908.08387819
2043,"MI averted","Scenario 1",15944197.5613481
2043,"Stroke averted","Scenario 1",23762143.1995213
2044,"Cumulative cases averted","Scenario 1",47201627.5076969
2044,"Cumulative deaths averted","Scenario 1",14256492.4322244
2044,"Heart failure averted","Scenario 1",3639844.42513263
2044,"MI averted","Scenario 1",17427611.5540366
2044,"Stroke averted","Scenario 1",26134171.5285276
2045,"Cumulative cases averted","Scenario 1",51344706.5443177
2045,"Cumulative deaths averted","Scenario 1",15450972.2659953
2045,"Heart failure averted","Scenario 1",3943722.89952462
2045,"MI averted","Scenario 1",18901653.3619048
2045,"Stroke averted","Scenario 1",28499330.2828883
2046,"Cumulative cases averted","Scenario 1",55384643.8125055
2046,"Cumulative deaths averted","Scenario 1",16612653.876173
2046,"Heart failure averted","Scenario 1",4239942.7574712
2046,"MI averted","Scenario 1",20341982.84876
2046,"Stroke averted","Scenario 1",30802718.2062743
2047,"Cumulative cases averted","Scenario 1",59302425.2927655
2047,"Cumulative deaths averted","Scenario 1",17736214.1078985
2047,"Heart failure averted","Scenario 1",4527608.17796324
2047,"MI averted","Scenario 1",21741995.0042059
2047,"Stroke averted","Scenario 1",33032822.1105963
2048,"Cumulative cases averted","Scenario 1",63075261.92416
2048,"Cumulative deaths averted","Scenario 1",18815667.5235464
2048,"Heart failure averted","Scenario 1",4805773.21887353
2048,"MI averted","Scenario 1",23094420.6174494
2048,"Stroke averted","Scenario 1",35175068.0878371
2049,"Cumulative cases averted","Scenario 1",66681639.5960713
2049,"Cumulative deaths averted","Scenario 1",19845790.3329974
2049,"Heart failure averted","Scenario 1",5073833.98835994
2049,"MI averted","Scenario 1",24392289.7083525
2049,"Stroke averted","Scenario 1",37215515.8993589
2050,"Cumulative cases averted","Scenario 1",70096547.8786567
2050,"Cumulative deaths averted","Scenario 1",20820163.7919148
2050,"Heart failure averted","Scenario 1",5330382.50795834
2050,"MI averted","Scenario 1",25626981.3657905
2050,"Stroke averted","Scenario 1",39139184.0049079
2017,"Cumulative cases averted","Scenario 2",0
2017,"Cumulative deaths averted","Scenario 2",0
2017,"Heart failure averted","Scenario 2",0
2017,"MI averted","Scenario 2",0
2017,"Stroke averted","Scenario 2",0
2018,"Cumulative cases averted","Scenario 2",0
2018,"Cumulative deaths averted","Scenario 2",0
2018,"Heart failure averted","Scenario 2",0
2018,"MI averted","Scenario 2",0
2018,"Stroke averted","Scenario 2",0
2019,"Cumulative cases averted","Scenario 2",0
2019,"Cumulative deaths averted","Scenario 2",0
2019,"Heart failure averted","Scenario 2",0
2019,"MI averted","Scenario 2",0
2019,"Stroke averted","Scenario 2",0
2020,"Cumulative cases averted","Scenario 2",0
2020,"Cumulative deaths averted","Scenario 2",0
2020,"Heart failure averted","Scenario 2",0
2020,"MI averted","Scenario 2",0
2020,"Stroke averted","Scenario 2",0
2021,"Cumulative cases averted","Scenario 2",0
2021,"Cumulative deaths averted","Scenario 2",0
2021,"Heart failure averted","Scenario 2",0
2021,"MI averted","Scenario 2",0
2021,"Stroke averted","Scenario 2",0
2022,"Cumulative cases averted","Scenario 2",0
2022,"Cumulative deaths averted","Scenario 2",0
2022,"Heart failure averted","Scenario 2",0
2022,"MI averted","Scenario 2",0
2022,"Stroke averted","Scenario 2",0
2023,"Cumulative cases averted","Scenario 2",-523.163887508214
2023,"Cumulative deaths averted","Scenario 2",-125.758779663593
2023,"Heart failure averted","Scenario 2",-50.4236226081848
2023,"MI averted","Scenario 2",-180.795184522867
2023,"Stroke averted","Scenario 2",-291.945080373436
2024,"Cumulative cases averted","Scenario 2",-1643.42234347016
2024,"Cumulative deaths averted","Scenario 2",-394.716846913099
2024,"Heart failure averted","Scenario 2",-157.278784774244
2024,"MI averted","Scenario 2",-566.189671047032
2024,"Stroke averted","Scenario 2",-919.953887652606
2025,"Cumulative cases averted","Scenario 2",664.013442546129
2025,"Cumulative deaths averted","Scenario 2",-254.371042978019
2025,"Heart failure averted","Scenario 2",270.313487377018
2025,"MI averted","Scenario 2",1086.38346724585
2025,"Stroke averted","Scenario 2",-692.683512080461
2026,"Cumulative cases averted","Scenario 2",23179.8572380766
2026,"Cumulative deaths averted","Scenario 2",2661.32494511083
2026,"Heart failure averted","Scenario 2",3641.21119257715
2026,"MI averted","Scenario 2",13950.3718323335
2026,"Stroke averted","Scenario 2",5588.27421316132
2027,"Cumulative cases averted","Scenario 2",66295.3723962083
2027,"Cumulative deaths averted","Scenario 2",8506.47502489015
2027,"Heart failure averted","Scenario 2",9986.20710519981
2027,"MI averted","Scenario 2",38074.7545077801
2027,"Stroke averted","Scenario 2",18234.4107832126
2028,"Cumulative cases averted","Scenario 2",131669.44254566
2028,"Cumulative deaths averted","Scenario 2",17878.7975743115
2028,"Heart failure averted","Scenario 2",19629.9723132327
2028,"MI averted","Scenario 2",74123.6226330884
2028,"Stroke averted","Scenario 2",37915.8475993238
2029,"Cumulative cases averted","Scenario 2",218698.424137391
2029,"Cumulative deaths averted","Scenario 2",30705.0405009314
2029,"Heart failure averted","Scenario 2",32481.6315745544
2029,"MI averted","Scenario 2",121772.251332916
2029,"Stroke averted","Scenario 2",64444.5412299
2030,"Cumulative cases averted","Scenario 2",327651.538577668
2030,"Cumulative deaths averted","Scenario 2",47206.5495777316
2030,"Heart failure averted","Scenario 2",48609.3254860565
2030,"MI averted","Scenario 2",181079.525895193
2030,"Stroke averted","Scenario 2",97962.6871964
2031,"Cumulative cases averted","Scenario 2",462632.484234311
2031,"Cumulative deaths averted","Scenario 2",68768.6148665473
2031,"Heart failure averted","Scenario 2",68465.8386118691
2031,"MI averted","Scenario 2",253622.557984505
2031,"Stroke averted","Scenario 2",140544.087637912
2032,"Cumulative cases averted","Scenario 2",632297.208701797
2032,"Cumulative deaths averted","Scenario 2",98885.9132051915
2032,"Heart failure averted","Scenario 2",93195.8772116369
2032,"MI averted","Scenario 2",342788.944679759
2032,"Stroke averted","Scenario 2",196312.386810374
2033,"Cumulative cases averted","Scenario 2",838475.914391302
2033,"Cumulative deaths averted","Scenario 2",138979.727266226
2033,"Heart failure averted","Scenario 2",123172.924819902
2033,"MI averted","Scenario 2",449209.271613423
2033,"Stroke averted","Scenario 2",266093.717957947
2034,"Cumulative cases averted","Scenario 2",1084182.78224406
2034,"Cumulative deaths averted","Scenario 2",190171.060594626
2034,"Heart failure averted","Scenario 2",158570.855297869
2034,"MI averted","Scenario 2",573723.956360091
2034,"Stroke averted","Scenario 2",351887.97058608
2035,"Cumulative cases averted","Scenario 2",1373969.08256813
2035,"Cumulative deaths averted","Scenario 2",254113.344858956
2035,"Heart failure averted","Scenario 2",199690.682402618
2035,"MI averted","Scenario 2",717953.754623514
2035,"Stroke averted","Scenario 2",456324.645541985
2036,"Cumulative cases averted","Scenario 2",1712638.67825789
2036,"Cumulative deaths averted","Scenario 2",332928.284236494
2036,"Heart failure averted","Scenario 2",246933.65719913
2036,"MI averted","Scenario 2",883653.414180342
2036,"Stroke averted","Scenario 2",582051.606878418
2037,"Cumulative cases averted","Scenario 2",2118472.65338891
2037,"Cumulative deaths averted","Scenario 2",432249.221298594
2037,"Heart failure averted","Scenario 2",302303.622065943
2037,"MI averted","Scenario 2",1080486.61966329
2037,"Stroke averted","Scenario 2",735682.411659662
2038,"Cumulative cases averted","Scenario 2",2637335.35492524
2038,"Cumulative deaths averted","Scenario 2",571542.833668254
2038,"Heart failure averted","Scenario 2",369017.966572303
2038,"MI averted","Scenario 2",1330974.49408839
2038,"Stroke averted","Scenario 2",937342.894264545
2039,"Cumulative cases averted","Scenario 2",3301316.39909581
2039,"Cumulative deaths averted","Scenario 2",767379.172667664
2039,"Heart failure averted","Scenario 2",448767.789312003
2039,"MI averted","Scenario 2",1650859.59771088
2039,"Stroke averted","Scenario 2",1201689.01207292
2040,"Cumulative cases averted","Scenario 2",4118700.98870935
2040,"Cumulative deaths averted","Scenario 2",1024241.36038357
2040,"Heart failure averted","Scenario 2",541917.310021076
2040,"MI averted","Scenario 2",2043908.86642124
2040,"Stroke averted","Scenario 2",1532874.81226703
2041,"Cumulative cases averted","Scenario 2",5100899.04495161
2041,"Cumulative deaths averted","Scenario 2",1347340.22934379
2041,"Heart failure averted","Scenario 2",649265.700844267
2041,"MI averted","Scenario 2",2515092.77681437
2041,"Stroke averted","Scenario 2",1936540.56729297
2042,"Cumulative cases averted","Scenario 2",6265187.63285225
2042,"Cumulative deaths averted","Scenario 2",1742962.09389043
2042,"Heart failure averted","Scenario 2",772977.775797768
2042,"MI averted","Scenario 2",3071750.09808103
2042,"Stroke averted","Scenario 2",2420459.75897346
2043,"Cumulative cases averted","Scenario 2",7633612.24005439
2043,"Cumulative deaths averted","Scenario 2",2218679.2228475
2043,"Heart failure averted","Scenario 2",916111.340529764
2043,"MI averted","Scenario 2",3723519.82228843
2043,"Stroke averted","Scenario 2",2993981.07723621
2044,"Cumulative cases averted","Scenario 2",9265562.03389395
2044,"Cumulative deaths averted","Scenario 2",2790953.68054434
2044,"Heart failure averted","Scenario 2",1083017.37143346
2044,"MI averted","Scenario 2",4489808.73420883
2044,"Stroke averted","Scenario 2",3692735.92825168
2045,"Cumulative cases averted","Scenario 2",11287855.5609561
2045,"Cumulative deaths averted","Scenario 2",3491793.53993254
2045,"Heart failure averted","Scenario 2",1280989.64360634
2045,"MI averted","Scenario 2",5407044.4542792
2045,"Stroke averted","Scenario 2",4599821.4630706
2046,"Cumulative cases averted","Scenario 2",13782828.8248363
2046,"Cumulative deaths averted","Scenario 2",4342436.46066021
2046,"Heart failure averted","Scenario 2",1514607.46692011
2046,"MI averted","Scenario 2",6499781.69034174
2046,"Stroke averted","Scenario 2",5768439.66757445
2047,"Cumulative cases averted","Scenario 2",16767158.4550838
2047,"Cumulative deaths averted","Scenario 2",5348158.2396046
2047,"Heart failure averted","Scenario 2",1784965.50987128
2047,"MI averted","Scenario 2",7774663.92234106
2047,"Stroke averted","Scenario 2",7207529.02287143
2048,"Cumulative cases averted","Scenario 2",20252894.0018262
2048,"Cumulative deaths averted","Scenario 2",6512969.08986337
2048,"Heart failure averted","Scenario 2",2092924.27476628
2048,"MI averted","Scenario 2",9236813.18214135
2048,"Stroke averted","Scenario 2",8923156.54491855
2049,"Cumulative cases averted","Scenario 2",24250017.9896841
2049,"Cumulative deaths averted","Scenario 2",7839909.45598978
2049,"Heart failure averted","Scenario 2",2439497.89096944
2049,"MI averted","Scenario 2",10891427.4015851
2049,"Stroke averted","Scenario 2",10919092.6971296
2050,"Cumulative cases averted","Scenario 2",28760965.6986745
2050,"Cumulative deaths averted","Scenario 2",9330001.37415712
2050,"Heart failure averted","Scenario 2",2825335.12578829
2050,"MI averted","Scenario 2",12741321.9959564
2050,"Stroke averted","Scenario 2",13194308.5769299
2017,"Cumulative cases averted","Scenario 3",0
2017,"Cumulative deaths averted","Scenario 3",0
2017,"Heart failure averted","Scenario 3",0
2017,"MI averted","Scenario 3",0
2017,"Stroke averted","Scenario 3",0
2018,"Cumulative cases averted","Scenario 3",0
2018,"Cumulative deaths averted","Scenario 3",0
2018,"Heart failure averted","Scenario 3",0
2018,"MI averted","Scenario 3",0
2018,"Stroke averted","Scenario 3",0
2019,"Cumulative cases averted","Scenario 3",0
2019,"Cumulative deaths averted","Scenario 3",0
2019,"Heart failure averted","Scenario 3",0
2019,"MI averted","Scenario 3",0
2019,"Stroke averted","Scenario 3",0
2020,"Cumulative cases averted","Scenario 3",0
2020,"Cumulative deaths averted","Scenario 3",0
2020,"Heart failure averted","Scenario 3",0
2020,"MI averted","Scenario 3",0
2020,"Stroke averted","Scenario 3",0
2021,"Cumulative cases averted","Scenario 3",0
2021,"Cumulative deaths averted","Scenario 3",0
2021,"Heart failure averted","Scenario 3",0
2021,"MI averted","Scenario 3",0
2021,"Stroke averted","Scenario 3",0
2022,"Cumulative cases averted","Scenario 3",0
2022,"Cumulative deaths averted","Scenario 3",0
2022,"Heart failure averted","Scenario 3",0
2022,"MI averted","Scenario 3",0
2022,"Stroke averted","Scenario 3",0
2023,"Cumulative cases averted","Scenario 3",147474.886745177
2023,"Cumulative deaths averted","Scenario 3",43820.8347664587
2023,"Heart failure averted","Scenario 3",14385.1844158061
2023,"MI averted","Scenario 3",59891.0623372719
2023,"Stroke averted","Scenario 3",73198.6399920993
2024,"Cumulative cases averted","Scenario 3",469229.858652718
2024,"Cumulative deaths averted","Scenario 3",139406.494303025
2024,"Heart failure averted","Scenario 3",45115.5103554744
2024,"MI averted","Scenario 3",189254.190599605
2024,"Stroke averted","Scenario 3",234860.157697637
2025,"Cumulative cases averted","Scenario 3",983421.921362698
2025,"Cumulative deaths averted","Scenario 3",292323.081851613
2025,"Heart failure averted","Scenario 3",93581.0269596111
2025,"MI averted","Scenario 3",395031.409607209
2025,"Stroke averted","Scenario 3",494809.484795876
2026,"Cumulative cases averted","Scenario 3",1707402.63580533
2026,"Cumulative deaths averted","Scenario 3",507882.119737051
2026,"Heart failure averted","Scenario 3",161150.20886558
2026,"MI averted","Scenario 3",683927.2859594
2026,"Stroke averted","Scenario 3",862325.140980344
2027,"Cumulative cases averted","Scenario 3",2658757.67180268
2027,"Cumulative deaths averted","Scenario 3",791443.080648076
2027,"Heart failure averted","Scenario 3",249241.803728625
2027,"MI averted","Scenario 3",1062771.22564736
2027,"Stroke averted","Scenario 3",1346744.6424267
2028,"Cumulative cases averted","Scenario 3",3855189.94968237
2028,"Cumulative deaths averted","Scenario 3",1148424.51597849
2028,"Heart failure averted","Scenario 3",359289.212996807
2028,"MI averted","Scenario 3",1538424.17263808
2028,"Stroke averted","Scenario 3",1957476.56404747
2029,"Cumulative cases averted","Scenario 3",5314704.59920749
2029,"Cumulative deaths averted","Scenario 3",1584349.68188272
2029,"Heart failure averted","Scenario 3",492771.705080703
2029,"MI averted","Scenario 3",2117864.99503049
2029,"Stroke averted","Scenario 3",2704067.8990963
2030,"Cumulative cases averted","Scenario 3",7055174.36513488
2030,"Cumulative deaths averted","Scenario 3",2104742.86179801
2030,"Heart failure averted","Scenario 3",651180.060526049
2030,"MI averted","Scenario 3",2808080.15170782
2030,"Stroke averted","Scenario 3",3595914.152901
2031,"Cumulative cases averted","Scenario 3",9094660.85489129
2031,"Cumulative deaths averted","Scenario 3",2715220.38807902
2031,"Heart failure averted","Scenario 3",836001.044137083
2031,"MI averted","Scenario 3",3616101.19340911
2031,"Stroke averted","Scenario 3",4642558.61734508
2032,"Cumulative cases averted","Scenario 3",11450048.4024978
2032,"Cumulative deaths averted","Scenario 3",3421142.16013993
2032,"Heart failure averted","Scenario 3",1048620.86973541
2032,"MI averted","Scenario 3",4548605.16369448
2032,"Stroke averted","Scenario 3",5852822.36906787
2033,"Cumulative cases averted","Scenario 3",14137091.2184749
2033,"Cumulative deaths averted","Scenario 3",4227633.15670878
2033,"Heart failure averted","Scenario 3",1290303.21255485
2033,"MI averted","Scenario 3",5611888.78135265
2033,"Stroke averted","Scenario 3",7234899.2245674
2034,"Cumulative cases averted","Scenario 3",17169936.6692165
2034,"Cumulative deaths averted","Scenario 3",5139470.20975962
2034,"Heart failure averted","Scenario 3",1562147.62818373
2034,"MI averted","Scenario 3",6811710.56385325
2034,"Stroke averted","Scenario 3",8796078.4771795
2035,"Cumulative cases averted","Scenario 3",20561069.315403
2035,"Cumulative deaths averted","Scenario 3",6161078.59147368
2035,"Heart failure averted","Scenario 3",1865080.75460909
2035,"MI averted","Scenario 3",8153287.29491654
2035,"Stroke averted","Scenario 3",10542701.2658774
2036,"Cumulative cases averted","Scenario 3",24320977.064019
2036,"Cumulative deaths averted","Scenario 3",7296471.094863
2036,"Heart failure averted","Scenario 3",2199829.27947733
2036,"MI averted","Scenario 3",9641192.79310478
2036,"Stroke averted","Scenario 3",12479954.9914369
2037,"Cumulative cases averted","Scenario 3",28458219.9554616
2037,"Cumulative deaths averted","Scenario 3",8549285.32311663
2037,"Heart failure averted","Scenario 3",2566926.68541767
2037,"MI averted","Scenario 3",11279356.1690824
2037,"Stroke averted","Scenario 3",14611937.1009615
2038,"Cumulative cases averted","Scenario 3",32980808.1089678
2038,"Cumulative deaths averted","Scenario 3",9923120.7152316
2038,"Heart failure averted","Scenario 3",2966822.99834701
2038,"MI averted","Scenario 3",13071480.7977799
2038,"Stroke averted","Scenario 3",16942504.3128409
2039,"Cumulative cases averted","Scenario 3",37895719.9961939
2039,"Cumulative deaths averted","Scenario 3",11421437.3806236
2039,"Heart failure averted","Scenario 3",3399829.46801487
2039,"MI averted","Scenario 3",15020826.4649414
2039,"Stroke averted","Scenario 3",19475064.0632375
2040,"Cumulative cases averted","Scenario 3",43197111.1255486
2040,"Cumulative deaths averted","Scenario 3",13046120.0248737
2040,"Heart failure averted","Scenario 3",3864277.67209827
2040,"MI averted","Scenario 3",17123235.0849727
2040,"Stroke averted","Scenario 3",22209598.3684776
2041,"Cumulative cases averted","Scenario 3",48862615.634501
2041,"Cumulative deaths averted","Scenario 3",14797049.6741927
2041,"Heart failure averted","Scenario 3",4355926.91810601
2041,"MI averted","Scenario 3",19364908.0430749
2041,"Stroke averted","Scenario 3",25141780.6733201
2042,"Cumulative cases averted","Scenario 3",54899686.6399688
2042,"Cumulative deaths averted","Scenario 3",16679131.8278045
2042,"Heart failure averted","Scenario 3",4874238.03716664
2042,"MI averted","Scenario 3",21748541.6666292
2042,"Stroke averted","Scenario 3",28276906.936173
2043,"Cumulative cases averted","Scenario 3",61317730.7125004
2043,"Cumulative deaths averted","Scenario 3",18699078.1587044
2043,"Heart failure averted","Scenario 3",5418849.33991852
2043,"MI averted","Scenario 3",24277077.5570813
2043,"Stroke averted","Scenario 3",31621803.8155006
2044,"Cumulative cases averted","Scenario 3",68116005.4517188
2044,"Cumulative deaths averted","Scenario 3",20860546.6307149
2044,"Heart failure averted","Scenario 3",5987880.76498576
2044,"MI averted","Scenario 3",26950019.6665112
2044,"Stroke averted","Scenario 3",35178105.0202218
2045,"Cumulative cases averted","Scenario 3",75310278.3699733
2045,"Cumulative deaths averted","Scenario 3",23171030.2023471
2045,"Heart failure averted","Scenario 3",6581326.68279563
2045,"MI averted","Scenario 3",29772951.3510422
2045,"Stroke averted","Scenario 3",38956000.3361354
2046,"Cumulative cases averted","Scenario 3",82904972.6553032
2046,"Cumulative deaths averted","Scenario 3",25635027.8364062
2046,"Heart failure averted","Scenario 3",7198867.28652293
2046,"MI averted","Scenario 3",32747024.4398408
2046,"Stroke averted","Scenario 3",42959080.9289394
2047,"Cumulative cases averted","Scenario 3",90909289.23461
2047,"Cumulative deaths averted","Scenario 3",28258648.7965021
2047,"Heart failure averted","Scenario 3",7840847.64044486
2047,"MI averted","Scenario 3",35876679.4044956
2047,"Stroke averted","Scenario 3",47191762.1896695
2048,"Cumulative cases averted","Scenario 3",99321762.2572672
2048,"Cumulative deaths averted","Scenario 3",31045574.5317483
2048,"Heart failure averted","Scenario 3",8507060.70316694
2048,"MI averted","Scenario 3",39163425.086553
2048,"Stroke averted","Scenario 3",51651276.4675472
2049,"Cumulative cases averted","Scenario 3",108135491.558345
2049,"Cumulative deaths averted","Scenario 3",33998377.7991879
2049,"Heart failure averted","Scenario 3",9196919.4090332
2049,"MI averted","Scenario 3",42607865.6622456
2049,"Stroke averted","Scenario 3",56330706.4870658
2050,"Cumulative cases averted","Scenario 3",117327828.86932
2050,"Cumulative deaths averted","Scenario 3",37115354.7466534
2050,"Heart failure averted","Scenario 3",9907427.70725774
2050,"MI averted","Scenario 3",46204146.5442331
2050,"Stroke averted","Scenario 3",61216254.617829
2017,"Cumulative cases averted","Scenario 4",0
2017,"Cumulative deaths averted","Scenario 4",0
2017,"Heart failure averted","Scenario 4",0
2017,"MI averted","Scenario 4",0
2017,"Stroke averted","Scenario 4",0
2018,"Cumulative cases averted","Scenario 4",0
2018,"Cumulative deaths averted","Scenario 4",0
2018,"Heart failure averted","Scenario 4",0
2018,"MI averted","Scenario 4",0
2018,"Stroke averted","Scenario 4",0
2019,"Cumulative cases averted","Scenario 4",0
2019,"Cumulative deaths averted","Scenario 4",0
2019,"Heart failure averted","Scenario 4",0
2019,"MI averted","Scenario 4",0
2019,"Stroke averted","Scenario 4",0
2020,"Cumulative cases averted","Scenario 4",0
2020,"Cumulative deaths averted","Scenario 4",0
2020,"Heart failure averted","Scenario 4",0
2020,"MI averted","Scenario 4",0
2020,"Stroke averted","Scenario 4",0
2021,"Cumulative cases averted","Scenario 4",0
2021,"Cumulative deaths averted","Scenario 4",0
2021,"Heart failure averted","Scenario 4",0
2021,"MI averted","Scenario 4",0
2021,"Stroke averted","Scenario 4",0
2022,"Cumulative cases averted","Scenario 4",0
2022,"Cumulative deaths averted","Scenario 4",0
2022,"Heart failure averted","Scenario 4",0
2022,"MI averted","Scenario 4",0
2022,"Stroke averted","Scenario 4",0
2023,"Cumulative cases averted","Scenario 4",294949.773490347
2023,"Cumulative deaths averted","Scenario 4",87641.6695329137
2023,"Heart failure averted","Scenario 4",28770.3688316131
2023,"MI averted","Scenario 4",119782.124674536
2023,"Stroke averted","Scenario 4",146397.279984199
2024,"Cumulative cases averted","Scenario 4",938201.376003489
2024,"Cumulative deaths averted","Scenario 4",278732.788937498
2024,"Heart failure averted","Scenario 4",90209.0844843686
2024,"MI averted","Scenario 4",378404.015225418
2024,"Stroke averted","Scenario 4",469588.27629371
2025,"Cumulative cases averted","Scenario 4",1965510.35272213
2025,"Cumulative deaths averted","Scenario 4",584231.441532072
2025,"Heart failure averted","Scenario 4",187049.734695342
2025,"MI averted","Scenario 4",789522.969309319
2025,"Stroke averted","Scenario 4",988937.648717482
2026,"Cumulative cases averted","Scenario 4",3410800.96095521
2026,"Cumulative deaths averted","Scenario 4",1014516.77071116
2026,"Heart failure averted","Scenario 4",321964.567984904
2026,"MI averted","Scenario 4",1366229.55659763
2026,"Stroke averted","Scenario 4",1722606.83637269
2027,"Cumulative cases averted","Scenario 4",5308279.76436949
2027,"Cumulative deaths averted","Scenario 4",1580005.81228621
2027,"Heart failure averted","Scenario 4",497711.344546829
2027,"MI averted","Scenario 4",2121787.62560996
2027,"Stroke averted","Scenario 4",2688780.79421271
2028,"Cumulative cases averted","Scenario 4",7692304.98479304
2028,"Cumulative deaths averted","Scenario 4",2291202.43571735
2028,"Heart failure averted","Scenario 4",717069.422053989
2028,"MI averted","Scenario 4",3069480.82447792
2028,"Stroke averted","Scenario 4",3905754.73826114
2029,"Cumulative cases averted","Scenario 4",10597735.0794691
2029,"Cumulative deaths averted","Scenario 4",3158785.91479684
2029,"Heart failure averted","Scenario 4",982903.035648503
2029,"MI averted","Scenario 4",4222786.65491229
2029,"Stroke averted","Scenario 4",5392045.38890832
2030,"Cumulative cases averted","Scenario 4",14059151.3819311
2030,"Cumulative deaths averted","Scenario 4",4193425.28766891
2030,"Heart failure averted","Scenario 4",1298095.97654605
2030,"MI averted","Scenario 4",5595181.96116385
2030,"Stroke averted","Scenario 4",7165873.44422119
2031,"Cumulative cases averted","Scenario 4",18111702.0062262
2031,"Cumulative deaths averted","Scenario 4",5406019.35152052
2031,"Heart failure averted","Scenario 4",1665553.8873955
2031,"MI averted","Scenario 4",7200304.44652177
2031,"Stroke averted","Scenario 4",9245843.67230901
2032,"Cumulative cases averted","Scenario 4",22788379.5232529
2032,"Cumulative deaths averted","Scenario 4",6806999.5447827
2032,"Heart failure averted","Scenario 4",2088004.62139289
2032,"MI averted","Scenario 4",9051148.86424218
2032,"Stroke averted","Scenario 4",11649226.0376179
2033,"Cumulative cases averted","Scenario 4",28120019.5200534
2033,"Cumulative deaths averted","Scenario 4",8406360.57334041
2033,"Heart failure averted","Scenario 4",2567936.04511907
2033,"MI averted","Scenario 4",11159953.8213788
2033,"Stroke averted","Scenario 4",14392129.6535555
2034,"Cumulative cases averted","Scenario 4",34134154.2345305
2034,"Cumulative deaths averted","Scenario 4",10213424.0537711
2034,"Heart failure averted","Scenario 4",3107485.97502799
2034,"MI averted","Scenario 4",13537764.7028943
2034,"Stroke averted","Scenario 4",17488903.5566082
2035,"Cumulative cases averted","Scenario 4",40779135.7746237
2035,"Cumulative deaths averted","Scenario 4",12225877.7658261
2035,"Heart failure averted","Scenario 4",3697436.62333546
2035,"MI averted","Scenario 4",16153084.17162
2035,"Stroke averted","Scenario 4",20928614.9796683
2036,"Cumulative cases averted","Scenario 4",48046721.8816817
2036,"Cumulative deaths averted","Scenario 4",14445661.9383017
2036,"Heart failure averted","Scenario 4",4334971.5450312
2036,"MI averted","Scenario 4",19000723.8140652
2036,"Stroke averted","Scenario 4",24711026.5225854
2037,"Cumulative cases averted","Scenario 4",55902124.19237
2037,"Cumulative deaths averted","Scenario 4",16867427.6468754
2037,"Heart failure averted","Scenario 4",5013762.67542725
2037,"MI averted","Scenario 4",22065996.798327
2037,"Stroke averted","Scenario 4",28822364.7186158
2038,"Cumulative cases averted","Scenario 4",64330866.2504224
2038,"Cumulative deaths averted","Scenario 4",19489947.7671633
2038,"Heart failure averted","Scenario 4",5730619.36616474
2038,"MI averted","Scenario 4",25341647.1126604
2038,"Stroke averted","Scenario 4",33258599.7715973
2039,"Cumulative cases averted","Scenario 4",73333008.5378313
2039,"Cumulative deaths averted","Scenario 4",22316039.2551858
2039,"Heart failure averted","Scenario 4",6484300.53363882
2039,"MI averted","Scenario 4",28827101.6415611
2039,"Stroke averted","Scenario 4",38021606.3626314
2040,"Cumulative cases averted","Scenario 4",82893003.7203799
2040,"Cumulative deaths averted","Scenario 4",25341367.5078488
2040,"Heart failure averted","Scenario 4",7270039.91759896
2040,"MI averted","Scenario 4",32516387.5786348
2040,"Stroke averted","Scenario 4",43106576.2241461
2041,"Cumulative cases averted","Scenario 4",92691526.6222783
2041,"Cumulative deaths averted","Scenario 4",28480398.1143163
2041,"Heart failure averted","Scenario 4",8059779.16848109
2041,"MI averted","Scenario 4",36311095.4375391
2041,"Stroke averted","Scenario 4",48320652.0162581
2042,"Cumulative cases averted","Scenario 4",102203311.047882
2042,"Cumulative deaths averted","Scenario 4",31578137.2039878
2042,"Heart failure averted","Scenario 4",8818183.65666144
2042,"MI averted","Scenario 4",40020475.1858146
2042,"Stroke averted","Scenario 4",53364652.2054065
2043,"Cumulative cases averted","Scenario 4",111156428.264544
2043,"Cumulative deaths averted","Scenario 4",34516815.7064309
2043,"Heart failure averted","Scenario 4",9526017.45532538
2043,"MI averted","Scenario 4",43523691.8643436
2043,"Stroke averted","Scenario 4",58106718.9448747
2044,"Cumulative cases averted","Scenario 4",119522868.220172
2044,"Cumulative deaths averted","Scenario 4",37283989.8014586
2044,"Heart failure averted","Scenario 4",10182368.8166137
2044,"MI averted","Scenario 4",46809522.9405217
2044,"Stroke averted","Scenario 4",62530976.4630368
2045,"Cumulative cases averted","Scenario 4",127272429.850591
2045,"Cumulative deaths averted","Scenario 4",39867540.1870398
2045,"Heart failure averted","Scenario 4",10785816.5115424
2045,"MI averted","Scenario 4",49865245.7242414
2045,"Stroke averted","Scenario 4",66621367.6148073
2046,"Cumulative cases averted","Scenario 4",134369544.85966
2046,"Cumulative deaths averted","Scenario 4",42254596.715156
2046,"Heart failure averted","Scenario 4",11334785.8755939
2046,"MI averted","Scenario 4",52678852.7929534
2046,"Stroke averted","Scenario 4",70355906.1911131
2047,"Cumulative cases averted","Scenario 4",140775725.605762
2047,"Cumulative deaths averted","Scenario 4",44431571.7665686
2047,"Heart failure averted","Scenario 4",11827318.069641
2047,"MI averted","Scenario 4",55236124.8684727
2047,"Stroke averted","Scenario 4",73712282.6676478
2048,"Cumulative cases averted","Scenario 4",146443584.370885
2048,"Cumulative deaths averted","Scenario 4",46382844.708564
2048,"Heart failure averted","Scenario 4",12261278.9467748
2048,"MI averted","Scenario 4",57521268.2814017
2048,"Stroke averted","Scenario 4",76661037.1427087
2049,"Cumulative cases averted","Scenario 4",151329242.093082
2049,"Cumulative deaths averted","Scenario 4",48093647.2235054
2049,"Heart failure averted","Scenario 4",12635071.6755895
2049,"MI averted","Scenario 4",59519504.5300086
2049,"Stroke averted","Scenario 4",79174665.8874843
2050,"Cumulative cases averted","Scenario 4",155408568.821481
2050,"Cumulative deaths averted","Scenario 4",49554911.967008
2050,"Heart failure averted","Scenario 4",12950039.2104325
2050,"MI averted","Scenario 4",61224316.7038383
2050,"Stroke averted","Scenario 4",81234212.9072099
